loan_id,borrower_id,application_date,loan_purpose,loan_amount,term_months,interest_rate,monthly_payment,dti_ratio,loan_status,days_delinquent,defaulted,application_year,application_month,risk_flag,dti_extreme,age,state,education_level,employment_status,years_employed,annual_income,credit_score,home_ownership,dependents,existing_monthly_debt,credit_score_bucket,dti_range,tenure_group,loan_amount_range,income_bracket
LN-00001,BRW-0001,2024-01-08,Vacation,16100.0,36,13.05,542.86,55.5,Paid Off,0,0,2024,1,Non-Default,False,62,CT,High School,Self-Employed,6,31020,596,Rent,1,892,520-599,50-75%,5-9 years,$10-20K,$30-50K
LN-00002,BRW-0001,2024-08-13,Major Purchase,5600.0,48,14.21,153.62,40.4,Default,138,1,2024,8,Default,False,62,CT,High School,Self-Employed,6,31020,596,Rent,1,892,520-599,35-50%,5-9 years,$0-10K,$30-50K
LN-00003,BRW-0002,2025-06-28,Moving,44700.0,36,12.37,1492.59,70.5,Paid Off,0,0,2025,6,Non-Default,False,24,CO,High School,Full-Time,4,40188,543,Own,2,869,520-599,50-75%,2-4 years,$30-50K,$30-50K
LN-00004,BRW-0003,2025-05-18,Auto Loan,9200.0,48,11.18,238.58,59.8,Default,34,1,2025,5,Default,False,50,NC,Bachelor,Contract,22,41014,611,Mortgage,0,1806,600-649,50-75%,10+ years,$0-10K,$30-50K
LN-00005,BRW-0004,2025-03-24,Moving,11200.0,36,9.66,359.61,44.1,Current,0,0,2025,3,Non-Default,False,43,TX,High School,Full-Time,19,35036,701,Mortgage,2,928,700-749,35-50%,10+ years,$10-20K,$30-50K
LN-00006,BRW-0005,2025-04-19,Education,28600.0,48,13.07,768.26,37.1,Current,0,0,2025,4,Non-Default,False,46,NY,High School,Full-Time,18,44528,715,Own,0,608,700-749,35-50%,10+ years,$20-30K,$30-50K
LN-00007,BRW-0006,2024-07-04,Medical Expenses,39200.0,12,10.23,3450.5,49.9,Paid Off,0,0,2024,7,Non-Default,False,40,OR,Doctorate,Contract,8,157047,749,Mortgage,1,3076,700-749,35-50%,5-9 years,$30-50K,$100K+
LN-00008,BRW-0007,2025-03-29,Home Improvement,36300.0,48,14.26,996.69,38.2,Default,38,1,2025,3,Default,False,35,GA,Bachelor,Self-Employed,5,84210,576,Mortgage,0,1682,520-599,35-50%,5-9 years,$30-50K,$75-100K
LN-00009,BRW-0007,2024-08-01,Business Loan,39000.0,60,13.73,902.01,36.8,Current,0,0,2024,8,Non-Default,False,35,GA,Bachelor,Self-Employed,5,84210,576,Mortgage,0,1682,520-599,35-50%,5-9 years,$30-50K,$75-100K
LN-00010,BRW-0008,2024-11-01,Debt Consolidation,28400.0,12,11.88,2521.71,67.8,Default,43,1,2024,11,Default,False,62,KY,Bachelor,Full-Time,14,61289,563,Rent,1,939,520-599,50-75%,10+ years,$20-30K,$50-75K
LN-00011,BRW-0009,2024-06-20,Business Loan,13300.0,48,10.91,343.16,18.6,Current,0,0,2024,6,Non-Default,False,35,UT,Master,Part-Time,15,63908,643,Mortgage,2,646,600-649,0-20%,10+ years,$10-20K,$50-75K
LN-00012,BRW-0009,2024-06-07,Business Loan,2700.0,48,12.73,72.07,13.5,Current,0,0,2024,6,Non-Default,False,35,UT,Master,Part-Time,15,63908,643,Mortgage,2,646,600-649,0-20%,10+ years,$0-10K,$50-75K
LN-00013,BRW-0010,2024-06-06,Wedding,15700.0,12,6.57,1355.36,126.0,Current,0,0,2024,6,Non-Default,True,30,WA,Associate,Part-Time,6,22845,824,Rent,1,1044,750+,75%+,5-9 years,$10-20K,<$30K
LN-00014,BRW-0011,2024-01-22,Moving,38300.0,48,13.9,1044.68,63.6,Current,0,0,2024,1,Non-Default,False,30,KY,Bachelor,Full-Time,2,43606,586,Mortgage,2,1265,520-599,50-75%,2-4 years,$30-50K,$30-50K
LN-00015,BRW-0012,2024-07-13,Vacation,28800.0,60,9.94,611.06,48.3,Current,0,0,2024,7,Non-Default,False,46,FL,Bachelor,Retired,0,44614,813,Rent,2,1184,750+,35-50%,Retired,$20-30K,$30-50K
LN-00016,BRW-0012,2025-06-27,Vacation,23700.0,60,7.25,472.09,44.5,Default,105,1,2025,6,Default,False,46,FL,Bachelor,Retired,0,44614,813,Rent,2,1184,750+,35-50%,Retired,$20-30K,$30-50K
LN-00017,BRW-0013,2024-07-08,Moving,2000.0,60,11.65,44.14,18.8,Current,0,0,2024,7,Non-Default,False,39,AL,Master,Full-Time,14,79782,615,Own,3,1207,600-649,0-20%,10+ years,$0-10K,$75-100K
LN-00018,BRW-0013,2024-07-13,Wedding,34300.0,60,13.85,795.44,30.1,Current,0,0,2024,7,Non-Default,False,39,AL,Master,Full-Time,14,79782,615,Own,3,1207,600-649,20-35%,10+ years,$30-50K,$75-100K
LN-00019,BRW-0014,2024-03-09,Education,17500.0,12,8.45,1525.94,41.4,Default,63,1,2024,3,Default,False,54,IN,Master,Full-Time,19,63730,850,Rent,2,671,750+,35-50%,10+ years,$10-20K,$50-75K
LN-00020,BRW-0015,2025-02-01,Debt Consolidation,20600.0,12,11.24,1822.97,52.5,Paid Off,0,0,2025,2,Non-Default,False,32,CA,Bachelor,Self-Employed,9,74436,535,Mortgage,0,1435,520-599,50-75%,5-9 years,$20-30K,$50-75K
LN-00021,BRW-0016,2024-08-01,Education,23100.0,12,15.15,2086.6,88.1,Late,15,0,2024,8,Late,False,41,OR,Associate,Full-Time,2,55611,570,Rent,0,1994,520-599,75%+,2-4 years,$20-30K,$50-75K
LN-00022,BRW-0017,2024-02-29,Debt Consolidation,23300.0,48,13.03,625.43,69.4,Current,0,0,2024,2,Non-Default,False,30,AZ,High School,Full-Time,8,41753,665,Rent,4,1790,650-699,50-75%,5-9 years,$20-30K,$30-50K
LN-00023,BRW-0018,2024-08-24,Auto Loan,7200.0,60,8.39,147.34,18.9,Current,0,0,2024,8,Non-Default,False,68,MA,Bachelor,Self-Employed,28,66055,726,Rent,0,893,700-749,0-20%,10+ years,$0-10K,$50-75K
LN-00024,BRW-0019,2025-01-01,Medical Expenses,13700.0,12,15.03,1236.73,112.8,Current,0,0,2025,1,Non-Default,True,43,TX,High School,Part-Time,2,23712,528,Rent,0,993,520-599,75%+,2-4 years,$10-20K,<$30K
LN-00025,BRW-0020,2025-03-29,Medical Expenses,23300.0,24,12.02,1097.03,62.4,Late,15,0,2025,3,Late,False,43,UT,High School,Full-Time,17,45948,639,Own,3,1294,600-649,50-75%,10+ years,$20-30K,$30-50K
LN-00026,BRW-0021,2024-08-07,Education,32400.0,36,13.31,1096.53,60.0,Default,170,1,2024,8,Default,False,37,AZ,Master,Contract,13,70937,584,Mortgage,1,2450,520-599,50-75%,10+ years,$30-50K,$50-75K
LN-00027,BRW-0021,2024-02-05,Auto Loan,23700.0,48,10.27,604.17,51.7,Current,0,0,2024,2,Non-Default,False,37,AZ,Master,Contract,13,70937,584,Mortgage,1,2450,520-599,50-75%,10+ years,$20-30K,$50-75K
LN-00028,BRW-0022,2024-01-23,Auto Loan,7400.0,24,12.65,350.59,29.2,Late,15,0,2024,1,Late,False,65,OH,Bachelor,Part-Time,6,24456,698,Own,1,244,650-699,20-35%,5-9 years,$0-10K,<$30K
LN-00029,BRW-0022,2024-02-08,Moving,13600.0,60,9.14,283.24,25.9,Current,0,0,2024,2,Non-Default,False,65,OH,Bachelor,Part-Time,6,24456,698,Own,1,244,650-699,20-35%,5-9 years,$10-20K,<$30K
LN-00030,BRW-0023,2024-08-10,Business Loan,34200.0,12,10.17,3009.43,87.7,Paid Off,0,0,2024,8,Non-Default,False,33,MO,Associate,Full-Time,12,72054,761,Rent,0,2258,750+,75%+,10+ years,$30-50K,$50-75K
LN-00031,BRW-0023,2024-04-07,Medical Expenses,45200.0,60,11.41,992.02,54.1,Paid Off,0,0,2024,4,Non-Default,False,33,MO,Associate,Full-Time,12,72054,761,Rent,0,2258,750+,50-75%,10+ years,$30-50K,$50-75K
LN-00032,BRW-0024,2025-03-20,Home Improvement,46200.0,36,10.72,1506.41,47.5,Late,15,0,2025,3,Late,False,56,TN,Master,Retired,10,80449,661,Mortgage,0,1679,650-699,35-50%,Retired,$30-50K,$75-100K
LN-00033,BRW-0025,2025-06-20,Wedding,32400.0,48,7.65,785.67,58.9,Default,168,1,2025,6,Default,False,25,AL,High School,Full-Time,2,36142,757,Mortgage,4,987,750+,50-75%,2-4 years,$30-50K,$30-50K
LN-00034,BRW-0026,2025-02-06,Education,12400.0,12,14.05,1113.65,58.7,Current,0,0,2025,2,Non-Default,False,67,NJ,Bachelor,Full-Time,34,54489,559,Own,0,1553,520-599,50-75%,10+ years,$10-20K,$50-75K
LN-00035,BRW-0027,2025-05-02,Major Purchase,16400.0,24,8.51,745.55,53.8,Current,0,0,2025,5,Non-Default,False,54,NY,Master,Full-Time,5,59480,790,Rent,2,1921,750+,50-75%,5-9 years,$10-20K,$50-75K
LN-00036,BRW-0028,2024-07-21,Moving,27100.0,24,8.64,1233.59,65.3,Current,0,0,2024,7,Non-Default,False,37,AZ,Bachelor,Retired,1,46167,826,Mortgage,2,1279,750+,50-75%,Retired,$20-30K,$30-50K
LN-00037,BRW-0029,2024-04-01,Moving,5400.0,48,10.5,138.26,29.3,Default,135,1,2024,4,Default,False,42,MN,Master,Full-Time,8,116049,667,Mortgage,2,2694,650-699,20-35%,5-9 years,$0-10K,$100K+
LN-00038,BRW-0030,2024-06-22,Education,5500.0,12,14.25,494.48,77.2,Paid Off,0,0,2024,6,Non-Default,False,26,IN,High School,Part-Time,0,23219,576,Mortgage,0,999,520-599,75%+,<2 years,$0-10K,<$30K
LN-00039,BRW-0031,2025-01-17,Medical Expenses,46400.0,24,7.45,2086.93,42.1,Current,0,0,2025,1,Non-Default,False,26,KY,Master,Full-Time,5,68134,813,Mortgage,2,306,750+,35-50%,5-9 years,$30-50K,$50-75K
LN-00040,BRW-0032,2024-04-23,Business Loan,46500.0,36,10.02,1500.86,37.5,Current,0,0,2024,4,Non-Default,False,57,FL,Associate,Self-Employed,16,72778,603,Own,2,774,600-649,35-50%,10+ years,$30-50K,$50-75K
LN-00041,BRW-0033,2024-05-24,Business Loan,16200.0,36,8.58,511.99,58.8,Current,0,0,2024,5,Non-Default,False,40,NC,Bachelor,Self-Employed,8,53589,850,Mortgage,3,2112,750+,50-75%,5-9 years,$10-20K,$50-75K
LN-00042,BRW-0034,2024-10-04,Moving,4300.0,36,9.34,137.42,30.9,Default,32,1,2024,10,Default,False,27,NC,Bachelor,Contract,2,43412,700,Mortgage,0,980,700-749,20-35%,2-4 years,$0-10K,$30-50K
LN-00043,BRW-0034,2024-01-20,Home Improvement,10500.0,36,12.65,352.02,36.8,Late,15,0,2024,1,Late,False,27,NC,Bachelor,Contract,2,43412,700,Mortgage,0,980,700-749,35-50%,2-4 years,$10-20K,$30-50K
LN-00044,BRW-0035,2025-06-28,Moving,6800.0,36,12.32,226.9,18.4,Default,80,1,2025,6,Default,False,67,VA,Bachelor,Full-Time,34,45400,606,Own,2,469,600-649,0-20%,10+ years,$0-10K,$30-50K
LN-00045,BRW-0035,2025-06-26,Moving,28900.0,12,10.1,2542.11,79.6,Default,155,1,2025,6,Default,False,67,VA,Bachelor,Full-Time,34,45400,606,Own,2,469,600-649,75%+,10+ years,$20-30K,$30-50K
LN-00046,BRW-0036,2024-08-29,Medical Expenses,12800.0,36,13.96,437.23,32.2,Late,30,0,2024,8,Late,False,30,GA,High School,Full-Time,5,55244,550,Own,2,1044,520-599,20-35%,5-9 years,$10-20K,$50-75K
LN-00047,BRW-0037,2024-10-13,Auto Loan,44700.0,12,14.32,4020.22,93.8,Default,117,1,2024,10,Default,False,57,KY,Master,Full-Time,15,107852,624,Rent,3,4410,600-649,75%+,10+ years,$30-50K,$100K+
LN-00048,BRW-0038,2024-08-20,Medical Expenses,5900.0,60,12.11,131.57,29.4,Current,0,0,2024,8,Non-Default,False,23,KY,High School,Retired,1,29964,735,Mortgage,2,602,700-749,20-35%,Retired,$0-10K,<$30K
LN-00049,BRW-0038,2024-05-21,Auto Loan,15100.0,60,8.41,309.15,36.5,Current,0,0,2024,5,Non-Default,False,23,KY,High School,Retired,1,29964,735,Mortgage,2,602,700-749,35-50%,Retired,$10-20K,<$30K
LN-00050,BRW-0039,2024-06-10,Moving,22600.0,24,10.2,1044.96,26.2,Paid Off,0,0,2024,6,Non-Default,False,24,KY,Master,Full-Time,2,124663,785,Mortgage,3,1677,750+,20-35%,2-4 years,$20-30K,$100K+
LN-00051,BRW-0040,2025-02-27,Education,9000.0,12,12.63,802.29,65.4,Paid Off,0,0,2025,2,Non-Default,False,64,WA,High School,Full-Time,22,52825,672,Mortgage,2,2077,650-699,50-75%,10+ years,$0-10K,$50-75K
LN-00052,BRW-0041,2024-09-30,Auto Loan,11000.0,24,10.24,508.81,39.3,Current,0,0,2024,9,Non-Default,False,43,NC,Master,Full-Time,18,137860,641,Rent,0,4001,600-649,35-50%,10+ years,$10-20K,$100K+
LN-00053,BRW-0041,2025-04-25,Business Loan,19200.0,48,9.99,486.87,39.1,Paid Off,0,0,2025,4,Non-Default,False,43,NC,Master,Full-Time,18,137860,641,Rent,0,4001,600-649,35-50%,10+ years,$10-20K,$100K+
LN-00054,BRW-0042,2024-01-16,Medical Expenses,12900.0,48,10.39,329.6,10.9,Late,30,0,2024,1,Late,False,44,MD,Master,Full-Time,3,106612,806,Mortgage,0,641,750+,0-20%,2-4 years,$10-20K,$100K+
LN-00055,BRW-0043,2025-05-16,Business Loan,3900.0,48,13.92,106.42,41.3,Late,15,0,2025,5,Late,False,49,MN,High School,Retired,11,24811,625,Mortgage,3,747,600-649,35-50%,Retired,$0-10K,<$30K
LN-00056,BRW-0044,2025-06-21,Debt Consolidation,41600.0,36,10.34,1348.97,31.5,Current,0,0,2025,6,Non-Default,False,64,SC,Master,Self-Employed,26,80367,698,Mortgage,0,761,650-699,20-35%,10+ years,$30-50K,$75-100K
LN-00057,BRW-0045,2025-02-09,Vacation,4000.0,24,12.11,188.5,7.6,Current,0,0,2025,2,Non-Default,False,48,WA,Bachelor,Full-Time,19,88330,629,Mortgage,1,369,600-649,0-20%,10+ years,$0-10K,$75-100K
LN-00058,BRW-0046,2024-10-19,Debt Consolidation,14400.0,36,12.3,480.35,38.7,Late,0,0,2024,10,Late,False,40,MN,Associate,Self-Employed,14,57427,694,Mortgage,0,1371,650-699,35-50%,10+ years,$10-20K,$50-75K
LN-00059,BRW-0047,2025-05-27,Moving,24300.0,48,6.29,573.92,28.8,Paid Off,0,0,2025,5,Non-Default,False,32,LA,Bachelor,Full-Time,5,82953,850,Own,0,1418,750+,20-35%,5-9 years,$20-30K,$75-100K
LN-00060,BRW-0048,2024-07-25,Medical Expenses,15600.0,12,6.86,1348.81,64.9,Current,0,0,2024,7,Non-Default,False,34,MA,High School,Full-Time,13,57034,842,Rent,1,1734,750+,50-75%,10+ years,$10-20K,$50-75K
LN-00061,BRW-0049,2025-01-06,Medical Expenses,7900.0,12,13.28,706.64,53.0,Default,128,1,2025,1,Default,False,34,CT,Master,Full-Time,10,88890,615,Rent,2,3222,600-649,50-75%,10+ years,$0-10K,$75-100K
LN-00062,BRW-0050,2024-06-23,Moving,9700.0,60,8.32,198.17,13.0,Late,0,0,2024,6,Late,False,28,GA,Master,Full-Time,7,123592,815,Own,3,1139,750+,0-20%,5-9 years,$0-10K,$100K+
LN-00063,BRW-0051,2025-04-01,Medical Expenses,36200.0,48,7.37,873.08,53.3,Paid Off,0,0,2025,4,Non-Default,False,30,CT,Master,Self-Employed,5,139361,850,Rent,1,5313,750+,50-75%,5-9 years,$30-50K,$100K+
LN-00064,BRW-0052,2025-05-25,Debt Consolidation,14100.0,48,12.22,372.83,43.4,Paid Off,0,0,2025,5,Non-Default,False,54,LA,Bachelor,Contract,30,69049,616,Mortgage,0,2122,600-649,35-50%,10+ years,$10-20K,$50-75K
LN-00065,BRW-0052,2024-03-22,Business Loan,26200.0,48,11.78,687.12,48.8,Paid Off,0,0,2024,3,Non-Default,False,54,LA,Bachelor,Contract,30,69049,616,Mortgage,0,2122,600-649,35-50%,10+ years,$20-30K,$50-75K
LN-00066,BRW-0053,2024-12-23,Moving,12000.0,24,9.39,550.37,18.6,Default,38,1,2024,12,Default,False,55,NJ,Bachelor,Full-Time,15,68663,681,Mortgage,3,516,650-699,0-20%,10+ years,$10-20K,$50-75K
LN-00067,BRW-0054,2024-07-01,Wedding,37700.0,12,11.09,3333.57,72.6,Default,102,1,2024,7,Default,False,31,MO,Associate,Self-Employed,6,62036,567,Mortgage,1,419,520-599,50-75%,5-9 years,$30-50K,$50-75K
LN-00068,BRW-0055,2025-01-03,Wedding,29000.0,48,14.5,799.76,14.8,Current,0,0,2025,1,Non-Default,False,48,MD,Bachelor,Self-Employed,27,100958,555,Rent,1,445,520-599,0-20%,10+ years,$20-30K,$100K+
LN-00069,BRW-0056,2025-04-27,Major Purchase,38400.0,60,7.84,775.68,63.1,Default,100,1,2025,4,Default,False,44,MO,Associate,Full-Time,17,70593,749,Rent,2,2934,700-749,50-75%,10+ years,$30-50K,$50-75K
LN-00070,BRW-0057,2025-06-25,Major Purchase,20500.0,60,8.67,422.27,27.8,Late,0,0,2025,6,Late,False,53,OR,Associate,Full-Time,25,30740,697,Rent,1,291,650-699,20-35%,10+ years,$20-30K,$30-50K
LN-00071,BRW-0058,2024-12-28,Auto Loan,42700.0,36,13.49,1448.83,36.3,Current,0,0,2024,12,Non-Default,False,61,IL,Bachelor,Contract,5,78362,548,Mortgage,3,919,520-599,35-50%,5-9 years,$30-50K,$75-100K
LN-00072,BRW-0058,2024-10-24,Vacation,10600.0,60,12.03,235.95,17.7,Current,0,0,2024,10,Non-Default,False,61,IL,Bachelor,Contract,5,78362,548,Mortgage,3,919,520-599,0-20%,5-9 years,$10-20K,$75-100K
LN-00073,BRW-0059,2025-02-27,Home Improvement,12000.0,60,12.84,272.06,52.0,Default,119,1,2025,2,Default,False,38,OR,Bachelor,Full-Time,8,61452,729,Rent,1,2393,700-749,50-75%,5-9 years,$10-20K,$50-75K
LN-00074,BRW-0060,2024-03-10,Business Loan,5200.0,36,9.46,166.47,10.5,Current,0,0,2024,3,Non-Default,False,52,LA,High School,Full-Time,14,57596,709,Rent,4,336,700-749,0-20%,10+ years,$0-10K,$50-75K
LN-00075,BRW-0061,2024-06-28,Education,29500.0,60,14.67,696.7,67.2,Default,116,1,2024,6,Default,False,23,MN,Master,Full-Time,1,56348,608,Own,0,2459,600-649,50-75%,<2 years,$20-30K,$50-75K
LN-00076,BRW-0062,2025-04-16,Vacation,40300.0,24,8.41,1830.2,53.2,Current,0,0,2025,4,Non-Default,False,51,PA,Bachelor,Self-Employed,7,51304,840,Rent,4,444,750+,50-75%,5-9 years,$30-50K,$50-75K
LN-00077,BRW-0062,2024-11-19,Major Purchase,4700.0,60,7.5,94.18,12.6,Current,0,0,2024,11,Non-Default,False,51,PA,Bachelor,Self-Employed,7,51304,840,Rent,4,444,750+,0-20%,5-9 years,$0-10K,$50-75K
LN-00078,BRW-0063,2025-01-19,Education,5800.0,12,9.58,508.78,47.9,Current,0,0,2025,1,Non-Default,False,23,OH,Master,Part-Time,3,72879,727,Rent,0,2400,700-749,35-50%,2-4 years,$0-10K,$50-75K
LN-00079,BRW-0064,2024-11-18,Wedding,15400.0,36,9.58,493.88,36.0,Current,0,0,2024,11,Non-Default,False,62,MD,Associate,Self-Employed,7,43333,837,Rent,2,807,750+,35-50%,5-9 years,$10-20K,$30-50K
LN-00080,BRW-0065,2024-06-28,Education,47600.0,24,13.53,2274.86,86.4,Default,39,1,2024,6,Default,False,49,TN,Bachelor,Full-Time,27,81913,546,Mortgage,0,3620,520-599,75%+,10+ years,$30-50K,$75-100K
LN-00081,BRW-0065,2025-05-27,Business Loan,23300.0,12,14.9,2101.92,83.8,Default,117,1,2025,5,Default,False,49,TN,Bachelor,Full-Time,27,81913,546,Mortgage,0,3620,520-599,75%+,10+ years,$20-30K,$75-100K
LN-00082,BRW-0066,2025-06-12,Moving,16300.0,12,13.69,1461.15,76.9,Paid Off,0,0,2025,6,Non-Default,False,62,NC,Master,Full-Time,33,67726,625,Rent,2,2877,600-649,75%+,10+ years,$10-20K,$50-75K
LN-00083,BRW-0066,2024-02-15,Vacation,43500.0,12,9.6,3816.25,118.6,Current,0,0,2024,2,Non-Default,True,62,NC,Master,Full-Time,33,67726,625,Rent,2,2877,600-649,75%+,10+ years,$30-50K,$50-75K
LN-00084,BRW-0067,2024-11-15,Debt Consolidation,25900.0,36,8.45,817.0,40.0,Current,0,0,2024,11,Non-Default,False,52,NY,Bachelor,Contract,15,78399,700,Rent,0,1799,700-749,35-50%,10+ years,$20-30K,$75-100K
LN-00085,BRW-0068,2024-06-10,Moving,19800.0,12,8.23,1724.48,51.2,Late,0,0,2024,6,Late,False,51,OH,Bachelor,Self-Employed,20,62062,788,Own,1,926,750+,50-75%,10+ years,$10-20K,$50-75K
LN-00086,BRW-0069,2024-10-17,Business Loan,28400.0,36,11.71,939.36,39.7,Current,0,0,2024,10,Non-Default,False,39,NY,Master,Self-Employed,16,78303,540,Rent,0,1652,520-599,35-50%,10+ years,$20-30K,$75-100K
LN-00087,BRW-0070,2024-02-21,Moving,8200.0,48,11.25,212.93,27.5,Current,0,0,2024,2,Non-Default,False,57,NY,Master,Self-Employed,28,110018,796,Rent,0,2312,750+,20-35%,10+ years,$0-10K,$100K+
LN-00088,BRW-0070,2024-11-15,Medical Expenses,44800.0,48,9.81,1132.16,37.6,Paid Off,0,0,2024,11,Non-Default,False,57,NY,Master,Self-Employed,28,110018,796,Rent,0,2312,750+,35-50%,10+ years,$30-50K,$100K+
LN-00089,BRW-0071,2024-04-05,Home Improvement,31800.0,48,9.57,799.98,56.6,Late,15,0,2024,4,Late,False,37,AL,Associate,Part-Time,11,28195,796,Mortgage,2,530,750+,50-75%,10+ years,$30-50K,<$30K
LN-00090,BRW-0071,2024-08-17,Vacation,12900.0,48,9.09,321.57,36.2,Late,15,0,2024,8,Late,False,37,AL,Associate,Part-Time,11,28195,796,Mortgage,2,530,750+,35-50%,10+ years,$10-20K,<$30K
LN-00091,BRW-0072,2024-01-31,Medical Expenses,27200.0,36,11.88,901.87,70.4,Default,58,1,2024,1,Default,False,51,MO,Associate,Full-Time,20,34974,623,Own,4,1151,600-649,50-75%,10+ years,$20-30K,$30-50K
LN-00092,BRW-0073,2024-05-10,Vacation,15500.0,36,9.64,497.53,29.3,Paid Off,0,0,2024,5,Non-Default,False,34,FL,Associate,Full-Time,9,62875,803,Mortgage,3,1038,750+,20-35%,5-9 years,$10-20K,$50-75K
LN-00093,BRW-0074,2025-02-27,Moving,35700.0,60,11.14,778.7,74.9,Default,92,1,2025,2,Default,False,45,MO,High School,Full-Time,1,41201,670,Rent,0,1792,650-699,50-75%,<2 years,$30-50K,$30-50K
LN-00094,BRW-0075,2025-03-21,Vacation,18400.0,60,8.11,374.06,56.7,Late,0,0,2025,3,Late,False,62,MA,Master,Full-Time,18,129479,843,Mortgage,1,5748,750+,50-75%,10+ years,$10-20K,$100K+
LN-00095,BRW-0076,2025-04-19,Home Improvement,36200.0,48,7.99,883.58,21.1,Current,0,0,2025,4,Non-Default,False,38,CO,Master,Full-Time,15,125137,755,Own,2,1312,750+,20-35%,10+ years,$30-50K,$100K+
LN-00096,BRW-0077,2025-01-23,Major Purchase,4900.0,60,10.19,104.57,45.4,Current,0,0,2025,1,Non-Default,False,58,KY,Master,Full-Time,26,75894,820,Mortgage,2,2769,750+,35-50%,10+ years,$0-10K,$75-100K
LN-00097,BRW-0078,2024-06-01,Medical Expenses,45400.0,12,11.14,4015.49,92.5,Late,0,0,2024,6,Late,False,46,TX,Bachelor,Full-Time,9,95478,759,Mortgage,2,3342,750+,75%+,5-9 years,$30-50K,$75-100K
LN-00098,BRW-0079,2024-11-07,Business Loan,17200.0,60,13.11,392.32,37.8,Late,15,0,2024,11,Late,False,35,PA,Bachelor,Full-Time,5,45779,652,Mortgage,0,1050,650-699,35-50%,5-9 years,$10-20K,$30-50K
LN-00099,BRW-0080,2024-05-10,Home Improvement,31400.0,60,10.79,679.43,58.2,Paid Off,0,0,2024,5,Non-Default,False,60,GA,Bachelor,Full-Time,29,58981,674,Own,3,2181,650-699,50-75%,10+ years,$30-50K,$50-75K
LN-00100,BRW-0080,2024-10-15,Debt Consolidation,10800.0,36,9.32,345.05,51.4,Paid Off,0,0,2024,10,Non-Default,False,60,GA,Bachelor,Full-Time,29,58981,674,Own,3,2181,650-699,50-75%,10+ years,$10-20K,$50-75K
LN-00101,BRW-0081,2024-06-26,Education,21500.0,48,12.93,576.04,59.3,Default,78,1,2024,6,Default,False,62,IL,Bachelor,Contract,34,53220,588,Own,3,2054,520-599,50-75%,10+ years,$20-30K,$50-75K
LN-00102,BRW-0082,2024-03-14,Education,9400.0,24,6.99,420.82,51.6,Paid Off,0,0,2024,3,Non-Default,False,26,MA,High School,Self-Employed,2,43345,821,Mortgage,2,1444,750+,50-75%,2-4 years,$0-10K,$30-50K
LN-00103,BRW-0083,2025-03-11,Medical Expenses,12500.0,48,15.13,348.71,18.7,Current,0,0,2025,3,Non-Default,False,39,WI,Bachelor,Full-Time,13,45732,550,Rent,0,364,520-599,0-20%,10+ years,$10-20K,$30-50K
LN-00104,BRW-0084,2025-05-25,Major Purchase,10900.0,60,8.84,225.42,41.2,Current,0,0,2025,5,Non-Default,False,65,PA,Master,Part-Time,2,74897,672,Rent,1,2345,650-699,35-50%,2-4 years,$10-20K,$50-75K
LN-00105,BRW-0084,2025-05-09,Major Purchase,29700.0,12,13.69,2662.35,80.2,Current,0,0,2025,5,Non-Default,False,65,PA,Master,Part-Time,2,74897,672,Rent,1,2345,650-699,75%+,2-4 years,$20-30K,$50-75K
LN-00106,BRW-0085,2024-03-21,Medical Expenses,16200.0,36,9.39,518.1,63.7,Current,0,0,2024,3,Non-Default,False,39,AZ,High School,Part-Time,2,24609,776,Mortgage,1,789,750+,50-75%,2-4 years,$10-20K,<$30K
LN-00107,BRW-0086,2024-02-24,Home Improvement,26700.0,60,9.31,558.27,33.3,Current,0,0,2024,2,Non-Default,False,32,MA,Associate,Self-Employed,12,42715,735,Mortgage,0,627,700-749,20-35%,10+ years,$20-30K,$30-50K
LN-00108,BRW-0087,2024-10-28,Vacation,17900.0,36,15.64,626.13,29.3,Default,39,1,2024,10,Default,False,29,TX,Doctorate,Full-Time,8,120275,550,Mortgage,0,2314,520-599,20-35%,5-9 years,$10-20K,$100K+
LN-00109,BRW-0088,2025-04-29,Wedding,36900.0,60,7.79,744.5,45.9,Late,0,0,2025,4,Late,False,53,MA,Bachelor,Self-Employed,8,53587,811,Rent,3,1305,750+,35-50%,5-9 years,$30-50K,$50-75K
LN-00110,BRW-0089,2024-10-11,Wedding,9100.0,24,12.34,429.81,26.5,Default,101,1,2024,10,Default,False,23,MO,Doctorate,Part-Time,2,50328,611,Mortgage,1,680,600-649,20-35%,2-4 years,$0-10K,$50-75K
LN-00111,BRW-0090,2024-06-03,Auto Loan,5100.0,24,11.3,238.41,32.2,Current,0,0,2024,6,Non-Default,False,29,NC,Bachelor,Full-Time,4,93690,795,Mortgage,1,2273,750+,20-35%,2-4 years,$0-10K,$75-100K
LN-00112,BRW-0091,2024-03-27,Business Loan,18700.0,12,7.86,1625.47,94.1,Paid Off,0,0,2024,3,Non-Default,False,52,IL,Associate,Part-Time,32,25916,831,Rent,3,406,750+,75%+,10+ years,$10-20K,<$30K
LN-00113,BRW-0092,2024-06-20,Major Purchase,13400.0,48,14.78,371.44,65.6,Default,118,1,2024,6,Default,False,48,OR,Associate,Self-Employed,9,41743,531,Rent,2,1911,520-599,50-75%,5-9 years,$10-20K,$30-50K
LN-00114,BRW-0092,2025-04-20,Debt Consolidation,34300.0,12,11.41,3038.05,142.3,Default,107,1,2025,4,Default,True,48,OR,Associate,Self-Employed,9,41743,531,Rent,2,1911,520-599,75%+,5-9 years,$30-50K,$30-50K
LN-00115,BRW-0093,2024-05-28,Moving,34800.0,48,10.54,891.67,65.2,Current,0,0,2024,5,Non-Default,False,53,NJ,Master,Full-Time,24,96156,710,Mortgage,3,4330,700-749,50-75%,10+ years,$30-50K,$75-100K
LN-00116,BRW-0094,2025-06-28,Major Purchase,48200.0,12,11.12,4262.69,80.8,Late,30,0,2025,6,Late,False,37,SC,Bachelor,Full-Time,10,90079,562,Rent,3,1806,520-599,75%+,10+ years,$30-50K,$75-100K
LN-00117,BRW-0095,2025-02-04,Auto Loan,14100.0,12,12.06,1253.16,32.2,Current,0,0,2025,2,Non-Default,False,64,MD,Master,Self-Employed,8,67650,553,Mortgage,1,564,520-599,20-35%,5-9 years,$10-20K,$50-75K
LN-00118,BRW-0095,2024-01-11,Wedding,27000.0,24,12.35,1275.4,32.6,Current,0,0,2024,1,Non-Default,False,64,MD,Master,Self-Employed,8,67650,553,Mortgage,1,564,520-599,20-35%,5-9 years,$20-30K,$50-75K
LN-00119,BRW-0096,2024-02-04,Home Improvement,10300.0,36,11.29,338.63,61.8,Default,53,1,2024,2,Default,False,50,IL,High School,Contract,13,22940,598,Rent,0,842,520-599,50-75%,10+ years,$10-20K,<$30K
LN-00120,BRW-0097,2024-05-02,Wedding,42100.0,60,11.56,927.16,68.1,Default,63,1,2024,5,Default,False,38,NJ,Associate,Self-Employed,17,59422,698,Mortgage,2,2444,650-699,50-75%,10+ years,$30-50K,$50-75K
LN-00121,BRW-0098,2024-09-16,Wedding,10900.0,12,9.31,954.79,72.8,Current,0,0,2024,9,Non-Default,False,53,AL,Master,Full-Time,18,60470,850,Rent,0,2716,750+,50-75%,10+ years,$10-20K,$50-75K
LN-00122,BRW-0099,2024-03-16,Auto Loan,35200.0,36,9.82,1132.83,42.6,Default,45,1,2024,3,Default,False,62,KY,Master,Full-Time,1,68874,688,Own,0,1315,650-699,35-50%,<2 years,$30-50K,$50-75K
LN-00123,BRW-0100,2024-03-12,Education,14400.0,36,10.52,468.17,49.3,Late,15,0,2024,3,Late,False,49,WI,High School,Full-Time,5,42320,622,Own,3,1269,600-649,35-50%,5-9 years,$10-20K,$30-50K
LN-00124,BRW-0101,2024-04-18,Vacation,8000.0,48,6.93,191.31,52.7,Current,0,0,2024,4,Non-Default,False,37,MN,Bachelor,Part-Time,8,30477,850,Mortgage,0,1148,750+,50-75%,5-9 years,$0-10K,$30-50K
LN-00125,BRW-0102,2024-06-01,Wedding,39300.0,12,12.63,3503.35,88.9,Current,0,0,2024,6,Non-Default,False,40,AZ,Bachelor,Full-Time,18,68782,711,Mortgage,2,1595,700-749,75%+,10+ years,$30-50K,$50-75K
LN-00126,BRW-0103,2025-05-17,Medical Expenses,40800.0,60,9.25,851.9,65.9,Paid Off,0,0,2025,5,Non-Default,False,41,MD,High School,Full-Time,12,39408,646,Mortgage,0,1312,600-649,50-75%,10+ years,$30-50K,$30-50K
LN-00127,BRW-0104,2025-01-02,Home Improvement,2200.0,48,6.79,52.47,50.9,Current,0,0,2025,1,Non-Default,False,23,AL,Doctorate,Self-Employed,0,95183,829,Rent,1,3982,750+,50-75%,<2 years,$0-10K,$75-100K
LN-00128,BRW-0104,2025-04-15,Home Improvement,43000.0,36,6.59,1319.67,66.8,Current,0,0,2025,4,Non-Default,False,23,AL,Doctorate,Self-Employed,0,95183,829,Rent,1,3982,750+,50-75%,<2 years,$30-50K,$75-100K
LN-00129,BRW-0105,2025-01-02,Major Purchase,16300.0,48,13.45,440.94,45.3,Late,15,0,2025,1,Late,False,40,NC,Master,Full-Time,20,123405,662,Own,2,4221,650-699,35-50%,10+ years,$10-20K,$100K+
LN-00130,BRW-0106,2025-02-02,Debt Consolidation,18500.0,60,7.03,366.58,32.6,Default,168,1,2025,2,Default,False,64,MA,Bachelor,Full-Time,2,46799,850,Mortgage,0,906,750+,20-35%,2-4 years,$10-20K,$30-50K
LN-00131,BRW-0107,2024-01-17,Vacation,38600.0,48,14.52,1064.9,49.5,Default,44,1,2024,1,Default,False,30,MO,High School,Full-Time,3,48711,619,Own,3,945,600-649,35-50%,2-4 years,$30-50K,$30-50K
LN-00132,BRW-0108,2024-06-01,Debt Consolidation,12200.0,60,9.28,254.91,32.4,Current,0,0,2024,6,Non-Default,False,54,NJ,Master,Contract,18,76648,781,Rent,3,1815,750+,20-35%,10+ years,$10-20K,$75-100K
LN-00133,BRW-0109,2024-05-13,Vacation,17200.0,60,8.1,349.58,38.0,Default,42,1,2024,5,Default,False,26,VA,High School,Retired,6,31605,728,Rent,0,651,700-749,35-50%,Retired,$10-20K,$30-50K
LN-00134,BRW-0110,2024-04-18,Home Improvement,10200.0,60,9.09,212.18,13.5,Default,86,1,2024,4,Default,False,38,CO,Bachelor,Full-Time,18,83526,674,Mortgage,3,725,650-699,0-20%,10+ years,$10-20K,$75-100K
LN-00135,BRW-0110,2024-05-20,Home Improvement,22500.0,48,10.39,574.88,18.7,Late,30,0,2024,5,Late,False,38,CO,Bachelor,Full-Time,18,83526,674,Mortgage,3,725,650-699,0-20%,10+ years,$20-30K,$75-100K
LN-00136,BRW-0111,2024-06-21,Medical Expenses,6500.0,24,12.17,306.49,57.1,Current,0,0,2024,6,Non-Default,False,36,CO,Bachelor,Part-Time,7,55425,697,Mortgage,3,2331,650-699,50-75%,5-9 years,$0-10K,$50-75K
LN-00137,BRW-0112,2024-06-10,Debt Consolidation,16200.0,60,12.73,366.36,59.5,Default,154,1,2024,6,Default,False,41,FL,Bachelor,Full-Time,9,43493,549,Rent,0,1789,520-599,50-75%,5-9 years,$10-20K,$30-50K
LN-00138,BRW-0112,2024-10-17,Home Improvement,4000.0,12,14.38,359.86,59.3,Default,151,1,2024,10,Default,False,41,FL,Bachelor,Full-Time,9,43493,549,Rent,0,1789,520-599,50-75%,5-9 years,$0-10K,$30-50K
LN-00139,BRW-0113,2024-06-27,Business Loan,14400.0,48,8.38,354.12,29.9,Current,0,0,2024,6,Non-Default,False,30,AL,Bachelor,Full-Time,6,101170,821,Mortgage,0,2170,750+,20-35%,5-9 years,$10-20K,$100K+
LN-00140,BRW-0114,2024-08-29,Home Improvement,39600.0,36,10.79,1292.52,73.4,Default,165,1,2024,8,Default,False,28,OH,Master,Part-Time,0,74343,678,Rent,1,3254,650-699,50-75%,<2 years,$30-50K,$50-75K
LN-00141,BRW-0115,2025-04-20,Wedding,23700.0,60,8.37,484.76,25.1,Current,0,0,2025,4,Non-Default,False,45,NC,High School,Self-Employed,11,41565,850,Own,0,384,750+,20-35%,10+ years,$20-30K,$30-50K
LN-00142,BRW-0115,2024-06-12,Business Loan,4400.0,48,8.32,108.08,14.2,Late,0,0,2024,6,Late,False,45,NC,High School,Self-Employed,11,41565,850,Own,0,384,750+,0-20%,10+ years,$0-10K,$30-50K
LN-00143,BRW-0116,2024-02-23,Major Purchase,17400.0,48,11.22,451.57,56.4,Paid Off,0,0,2024,2,Non-Default,False,51,GA,High School,Full-Time,3,44910,540,Rent,4,1659,520-599,50-75%,2-4 years,$10-20K,$30-50K
LN-00144,BRW-0117,2024-11-29,Home Improvement,4200.0,48,12.38,111.39,39.3,Paid Off,0,0,2024,11,Non-Default,False,35,IL,High School,Self-Employed,7,29691,635,Mortgage,2,861,600-649,35-50%,5-9 years,$0-10K,<$30K
LN-00145,BRW-0118,2025-01-19,Home Improvement,6300.0,48,13.3,169.95,8.8,Current,0,0,2025,1,Non-Default,False,39,OK,Master,Full-Time,5,65753,663,Own,0,314,650-699,0-20%,5-9 years,$0-10K,$50-75K
LN-00146,BRW-0119,2025-01-17,Major Purchase,25400.0,48,10.99,656.35,41.1,Default,79,1,2025,1,Default,False,37,AL,Bachelor,Full-Time,13,57530,594,Mortgage,0,1314,520-599,35-50%,10+ years,$20-30K,$50-75K
LN-00147,BRW-0120,2024-05-19,Auto Loan,6800.0,60,6.15,131.94,33.2,Default,149,1,2024,5,Default,False,45,UT,Bachelor,Full-Time,1,72744,849,Rent,3,1883,750+,20-35%,<2 years,$0-10K,$50-75K
LN-00148,BRW-0121,2024-06-23,Medical Expenses,12600.0,36,10.52,409.65,31.9,Current,0,0,2024,6,Non-Default,False,51,TN,Bachelor,Full-Time,27,104309,750,Rent,2,2362,750+,20-35%,10+ years,$10-20K,$100K+
LN-00149,BRW-0122,2025-04-18,Moving,31100.0,60,8.3,635.07,49.3,Paid Off,0,0,2025,4,Non-Default,False,27,WI,Associate,Full-Time,5,35230,844,Mortgage,1,812,750+,35-50%,5-9 years,$30-50K,$30-50K
LN-00150,BRW-0123,2024-01-06,Education,10300.0,60,11.2,224.98,27.6,Paid Off,0,0,2024,1,Non-Default,False,60,CT,Bachelor,Self-Employed,13,47899,812,Mortgage,0,876,750+,20-35%,10+ years,$10-20K,$30-50K
LN-00151,BRW-0124,2024-04-10,Moving,11900.0,48,12.47,316.13,35.0,Current,0,0,2024,4,Non-Default,False,51,IL,Bachelor,Self-Employed,16,60540,695,Mortgage,2,1448,650-699,20-35%,10+ years,$10-20K,$50-75K
LN-00152,BRW-0125,2024-04-02,Major Purchase,8400.0,36,9.11,267.55,38.2,Default,108,1,2024,4,Default,False,27,MD,Master,Full-Time,2,62885,725,Mortgage,4,1733,700-749,35-50%,2-4 years,$0-10K,$50-75K
LN-00153,BRW-0126,2025-04-19,Vacation,37900.0,12,12.45,3375.35,98.6,Late,15,0,2025,4,Late,False,64,WI,High School,Full-Time,3,45819,746,Rent,1,388,700-749,75%+,2-4 years,$30-50K,$30-50K
LN-00154,BRW-0127,2024-03-13,Education,30000.0,12,14.64,2702.66,100.5,Default,115,1,2024,3,Default,True,54,VA,Associate,Self-Employed,22,39760,580,Rent,0,627,520-599,75%+,10+ years,$20-30K,$30-50K
LN-00155,BRW-0128,2024-07-31,Auto Loan,14900.0,60,8.55,306.06,21.0,Paid Off,0,0,2024,7,Non-Default,False,36,MN,Master,Contract,0,138216,850,Mortgage,3,2116,750+,20-35%,<2 years,$10-20K,$100K+
LN-00156,BRW-0129,2024-04-23,Debt Consolidation,45700.0,36,12.54,1529.71,50.5,Current,0,0,2024,4,Non-Default,False,33,IL,Associate,Self-Employed,0,71975,714,Own,2,1501,700-749,50-75%,<2 years,$30-50K,$50-75K
LN-00157,BRW-0130,2024-12-08,Moving,25000.0,24,7.43,1124.19,59.5,Current,0,0,2024,12,Non-Default,False,31,MA,Master,Retired,3,37483,796,Mortgage,1,734,750+,50-75%,Retired,$20-30K,$30-50K
LN-00158,BRW-0131,2024-09-30,Wedding,32900.0,24,12.42,1555.18,63.7,Current,0,0,2024,9,Non-Default,False,68,WI,Associate,Retired,9,34167,551,Own,0,258,520-599,50-75%,Retired,$30-50K,$30-50K
LN-00159,BRW-0131,2025-04-26,Education,12900.0,60,14.96,306.62,19.8,Current,0,0,2025,4,Non-Default,False,68,WI,Associate,Retired,9,34167,551,Own,0,258,520-599,0-20%,Retired,$10-20K,$30-50K
LN-00160,BRW-0132,2025-04-13,Wedding,34300.0,12,9.71,3010.89,63.0,Default,130,1,2025,4,Default,False,50,FL,Bachelor,Full-Time,6,68802,674,Rent,1,604,650-699,50-75%,5-9 years,$30-50K,$50-75K
LN-00161,BRW-0133,2024-05-31,Auto Loan,5700.0,24,12.0,268.32,19.1,Late,15,0,2024,5,Late,False,65,WI,Bachelor,Full-Time,14,83163,563,Mortgage,0,1054,520-599,0-20%,10+ years,$0-10K,$75-100K
LN-00162,BRW-0133,2025-04-30,Debt Consolidation,48500.0,60,15.28,1160.95,32.0,Late,0,0,2025,4,Late,False,65,WI,Bachelor,Full-Time,14,83163,563,Mortgage,0,1054,520-599,20-35%,10+ years,$30-50K,$75-100K
LN-00163,BRW-0134,2025-02-25,Home Improvement,21200.0,60,13.29,485.52,31.3,Paid Off,0,0,2025,2,Non-Default,False,35,AZ,Master,Self-Employed,0,79434,596,Mortgage,0,1589,520-599,20-35%,<2 years,$20-30K,$75-100K
LN-00164,BRW-0135,2024-11-09,Moving,20400.0,36,11.07,668.55,30.1,Current,0,0,2024,11,Non-Default,False,67,AL,Associate,Part-Time,4,33144,706,Mortgage,0,163,700-749,20-35%,2-4 years,$20-30K,$30-50K
LN-00165,BRW-0136,2024-06-13,Debt Consolidation,9200.0,24,8.93,420.0,30.1,Paid Off,0,0,2024,6,Non-Default,False,26,WA,Master,Part-Time,3,57088,850,Mortgage,0,1010,750+,20-35%,2-4 years,$0-10K,$50-75K
LN-00166,BRW-0136,2025-03-27,Medical Expenses,5100.0,36,8.71,161.49,24.6,Current,0,0,2025,3,Non-Default,False,26,WA,Master,Part-Time,3,57088,850,Mortgage,0,1010,750+,20-35%,2-4 years,$0-10K,$50-75K
LN-00167,BRW-0137,2024-06-15,Education,9100.0,48,10.07,231.11,13.3,Current,0,0,2024,6,Non-Default,False,61,MD,Bachelor,Self-Employed,6,63686,758,Own,1,474,750+,0-20%,5-9 years,$0-10K,$50-75K
LN-00168,BRW-0138,2025-06-03,Medical Expenses,46500.0,24,10.2,2150.03,71.5,Default,105,1,2025,6,Default,False,41,IN,Master,Full-Time,16,121448,589,Mortgage,1,5090,520-599,50-75%,10+ years,$30-50K,$100K+
LN-00169,BRW-0138,2025-03-28,Vacation,48500.0,60,13.52,1116.48,61.3,Default,58,1,2025,3,Default,False,41,IN,Master,Full-Time,16,121448,589,Mortgage,1,5090,520-599,50-75%,10+ years,$30-50K,$100K+
LN-00170,BRW-0139,2024-08-13,Debt Consolidation,13500.0,36,10.04,435.86,45.8,Current,0,0,2024,8,Non-Default,False,44,NC,Bachelor,Retired,7,49067,605,Own,0,1436,600-649,35-50%,Retired,$10-20K,$30-50K
LN-00171,BRW-0140,2024-03-26,Wedding,19900.0,36,8.28,626.17,64.9,Late,0,0,2024,3,Late,False,63,CT,High School,Retired,28,26701,762,Rent,2,818,750+,50-75%,Retired,$10-20K,<$30K
LN-00172,BRW-0141,2024-02-27,Moving,11000.0,60,10.53,236.6,29.5,Current,0,0,2024,2,Non-Default,False,61,CO,Associate,Retired,4,26403,750,Mortgage,1,412,750+,20-35%,Retired,$10-20K,<$30K
LN-00173,BRW-0142,2025-04-01,Education,2600.0,36,12.52,87.0,49.7,Paid Off,0,0,2025,4,Non-Default,False,25,MI,Bachelor,Full-Time,0,70059,554,Mortgage,0,2814,520-599,35-50%,<2 years,$0-10K,$50-75K
LN-00174,BRW-0142,2025-03-10,Vacation,21900.0,48,12.21,578.97,58.1,Paid Off,0,0,2025,3,Non-Default,False,25,MI,Bachelor,Full-Time,0,70059,554,Mortgage,0,2814,520-599,50-75%,<2 years,$20-30K,$50-75K
LN-00175,BRW-0143,2024-03-08,Medical Expenses,19300.0,60,11.3,422.52,21.6,Current,0,0,2024,3,Non-Default,False,27,KY,Bachelor,Full-Time,0,70121,818,Mortgage,2,842,750+,20-35%,<2 years,$10-20K,$50-75K
LN-00176,BRW-0144,2024-05-20,Auto Loan,20600.0,60,14.08,480.18,26.5,Default,127,1,2024,5,Default,False,60,NY,Bachelor,Full-Time,21,44547,582,Rent,1,505,520-599,20-35%,10+ years,$20-30K,$30-50K
LN-00177,BRW-0145,2025-04-19,Vacation,17700.0,60,7.49,354.59,32.6,Current,0,0,2025,4,Non-Default,False,37,UT,Master,Retired,5,59739,842,Mortgage,0,1266,750+,20-35%,Retired,$10-20K,$50-75K
LN-00178,BRW-0146,2025-05-18,Vacation,24800.0,36,10.24,803.02,31.1,Current,0,0,2025,5,Non-Default,False,43,MO,Bachelor,Full-Time,2,80850,711,Mortgage,2,1294,700-749,20-35%,2-4 years,$20-30K,$75-100K
LN-00179,BRW-0147,2025-03-22,Vacation,5200.0,36,12.72,174.51,25.8,Current,0,0,2025,3,Non-Default,False,68,MN,Master,Retired,21,63786,611,Own,0,1195,600-649,20-35%,Retired,$0-10K,$50-75K
LN-00180,BRW-0148,2024-06-15,Home Improvement,37200.0,12,14.59,3350.42,96.8,Current,0,0,2024,6,Non-Default,False,63,CO,Bachelor,Full-Time,19,78563,578,Mortgage,2,2989,520-599,75%+,10+ years,$30-50K,$75-100K
LN-00181,BRW-0149,2024-12-30,Education,12800.0,48,9.7,322.8,10.5,Default,104,1,2024,12,Default,False,64,AZ,Master,Retired,5,84093,809,Mortgage,1,414,750+,0-20%,Retired,$10-20K,$75-100K
LN-00182,BRW-0150,2024-06-20,Home Improvement,38800.0,24,10.86,1805.86,58.6,Late,15,0,2024,6,Late,False,41,IL,High School,Full-Time,6,55757,778,Own,0,919,750+,50-75%,5-9 years,$30-50K,$50-75K
LN-00183,BRW-0151,2024-12-26,Auto Loan,35500.0,36,7.0,1096.14,26.5,Current,0,0,2024,12,Non-Default,False,28,CT,Bachelor,Full-Time,0,87725,809,Rent,2,844,750+,20-35%,<2 years,$30-50K,$75-100K
LN-00184,BRW-0152,2024-06-07,Vacation,34400.0,24,6.36,1530.22,64.8,Paid Off,0,0,2024,6,Non-Default,False,46,AL,High School,Full-Time,25,46788,849,Rent,1,995,750+,50-75%,10+ years,$30-50K,$30-50K
LN-00185,BRW-0153,2024-03-19,Moving,36200.0,12,9.35,3171.62,103.5,Default,63,1,2024,3,Default,True,65,MI,Master,Retired,14,64193,764,Mortgage,4,2365,750+,75%+,Retired,$30-50K,$50-75K
LN-00186,BRW-0154,2025-06-19,Vacation,31400.0,24,11.24,1466.99,54.3,Paid Off,0,0,2025,6,Non-Default,False,34,WA,Bachelor,Retired,12,62044,771,Mortgage,1,1340,750+,50-75%,Retired,$30-50K,$50-75K
LN-00187,BRW-0154,2024-05-25,Debt Consolidation,7700.0,24,11.43,360.42,32.9,Current,0,0,2024,5,Non-Default,False,34,WA,Bachelor,Retired,12,62044,771,Mortgage,1,1340,750+,20-35%,Retired,$0-10K,$50-75K
LN-00188,BRW-0155,2025-05-10,Major Purchase,39600.0,12,9.04,3463.81,114.2,Current,0,0,2025,5,Non-Default,True,32,OK,Master,Contract,0,66474,663,Mortgage,1,2864,650-699,75%+,<2 years,$30-50K,$50-75K
LN-00189,BRW-0155,2024-11-04,Moving,24500.0,36,9.17,781.03,65.8,Paid Off,0,0,2024,11,Non-Default,False,32,OK,Master,Contract,0,66474,663,Mortgage,1,2864,650-699,50-75%,<2 years,$20-30K,$50-75K
LN-00190,BRW-0156,2024-05-29,Business Loan,11600.0,36,9.86,373.54,32.5,Late,15,0,2024,5,Late,False,67,IN,Master,Contract,17,79058,617,Mortgage,0,1770,600-649,20-35%,10+ years,$10-20K,$75-100K
LN-00191,BRW-0156,2024-03-10,Education,43000.0,60,10.93,933.42,41.0,Default,178,1,2024,3,Default,False,67,IN,Master,Contract,17,79058,617,Mortgage,0,1770,600-649,35-50%,10+ years,$30-50K,$75-100K
LN-00192,BRW-0157,2024-01-05,Moving,11200.0,36,8.16,351.79,57.9,Current,0,0,2024,1,Non-Default,False,36,VA,Master,Contract,1,134434,762,Mortgage,0,6130,750+,50-75%,<2 years,$10-20K,$100K+
LN-00193,BRW-0158,2024-04-19,Vacation,15600.0,48,11.77,409.05,60.9,Default,120,1,2024,4,Default,False,45,TX,Associate,Full-Time,25,33977,696,Own,0,1316,650-699,50-75%,10+ years,$10-20K,$30-50K
LN-00194,BRW-0159,2024-11-17,Major Purchase,12900.0,12,9.64,1131.96,61.1,Default,58,1,2024,11,Default,False,66,CA,Master,Self-Employed,0,94849,850,Rent,0,3695,750+,50-75%,<2 years,$10-20K,$75-100K
LN-00195,BRW-0159,2024-02-11,Moving,34000.0,36,8.62,1075.19,60.4,Default,156,1,2024,2,Default,False,66,CA,Master,Self-Employed,0,94849,850,Rent,0,3695,750+,50-75%,<2 years,$30-50K,$75-100K
LN-00196,BRW-0160,2025-02-21,Auto Loan,31800.0,48,9.85,804.24,56.2,Default,139,1,2025,2,Default,False,57,TX,Master,Part-Time,15,50003,677,Mortgage,0,1539,650-699,50-75%,10+ years,$30-50K,$50-75K
LN-00197,BRW-0161,2025-05-18,Home Improvement,40500.0,36,6.81,1247.01,56.1,Current,0,0,2025,5,Non-Default,False,61,IN,Bachelor,Full-Time,34,98348,845,Own,2,3354,750+,50-75%,10+ years,$30-50K,$75-100K
LN-00198,BRW-0162,2024-06-21,Home Improvement,7000.0,60,12.59,157.81,29.2,Default,80,1,2024,6,Default,False,40,NY,Bachelor,Part-Time,5,30770,738,Rent,1,590,700-749,20-35%,5-9 years,$0-10K,$30-50K
LN-00199,BRW-0163,2025-05-26,Wedding,21400.0,24,15.11,1038.73,71.1,Default,178,1,2025,5,Default,False,55,TX,Bachelor,Self-Employed,24,72986,545,Rent,2,3287,520-599,50-75%,10+ years,$20-30K,$50-75K
LN-00200,BRW-0164,2025-06-07,Major Purchase,30000.0,48,13.97,819.34,27.9,Current,0,0,2025,6,Non-Default,False,38,AL,Master,Full-Time,3,60396,658,Rent,2,587,650-699,20-35%,2-4 years,$20-30K,$50-75K
LN-00201,BRW-0165,2024-02-24,Vacation,28300.0,12,7.71,2457.98,65.1,Current,0,0,2024,2,Non-Default,False,44,PA,Bachelor,Contract,22,51770,767,Mortgage,3,351,750+,50-75%,10+ years,$20-30K,$50-75K
LN-00202,BRW-0166,2024-03-19,Wedding,9300.0,60,13.93,216.06,50.9,Current,0,0,2024,3,Non-Default,False,51,IN,High School,Full-Time,20,50247,551,Rent,1,1916,520-599,50-75%,10+ years,$0-10K,$50-75K
LN-00203,BRW-0167,2024-01-19,Auto Loan,21500.0,36,10.93,703.17,67.0,Current,0,0,2024,1,Non-Default,False,52,NJ,Associate,Self-Employed,3,38228,707,Rent,0,1432,700-749,50-75%,2-4 years,$20-30K,$30-50K
LN-00204,BRW-0168,2024-02-03,Major Purchase,42900.0,48,9.85,1084.97,33.3,Paid Off,0,0,2024,2,Non-Default,False,49,TN,Master,Self-Employed,10,131359,747,Rent,2,2557,700-749,20-35%,10+ years,$30-50K,$100K+
LN-00205,BRW-0168,2024-04-22,Medical Expenses,8500.0,48,9.99,215.54,25.3,Current,0,0,2024,4,Non-Default,False,49,TN,Master,Self-Employed,10,131359,747,Rent,2,2557,700-749,20-35%,10+ years,$0-10K,$100K+
LN-00206,BRW-0169,2024-09-26,Vacation,36800.0,60,7.78,742.3,39.5,Late,30,0,2024,9,Late,False,55,NJ,Associate,Full-Time,11,49011,750,Mortgage,0,873,750+,35-50%,10+ years,$30-50K,$30-50K
LN-00207,BRW-0170,2025-01-10,Auto Loan,2500.0,12,8.11,217.6,32.3,Current,0,0,2025,1,Non-Default,False,40,AL,Associate,Part-Time,11,26997,752,Mortgage,3,509,750+,20-35%,10+ years,$0-10K,<$30K
LN-00208,BRW-0171,2024-02-27,Education,15400.0,36,12.59,515.85,56.6,Late,0,0,2024,2,Late,False,49,VA,Associate,Retired,21,43915,568,Mortgage,1,1555,520-599,50-75%,Retired,$10-20K,$30-50K
LN-00209,BRW-0171,2024-06-22,Wedding,12800.0,36,11.11,419.72,54.0,Default,113,1,2024,6,Default,False,49,VA,Associate,Retired,21,43915,568,Mortgage,1,1555,520-599,50-75%,Retired,$10-20K,$30-50K
LN-00210,BRW-0172,2025-04-25,Major Purchase,45300.0,36,7.2,1402.88,36.3,Late,30,0,2025,4,Late,False,32,GA,Doctorate,Full-Time,0,129991,774,Own,2,2525,750+,35-50%,<2 years,$30-50K,$100K+
LN-00211,BRW-0173,2025-05-29,Wedding,14800.0,24,8.93,675.66,23.8,Current,0,0,2025,5,Non-Default,False,46,LA,Master,Full-Time,11,67764,765,Mortgage,0,671,750+,20-35%,10+ years,$10-20K,$50-75K
LN-00212,BRW-0174,2024-08-07,Major Purchase,11400.0,12,14.49,1026.2,90.3,Default,42,1,2024,8,Default,False,45,TN,Bachelor,Part-Time,0,31088,583,Rent,1,1312,520-599,75%+,<2 years,$10-20K,$30-50K
LN-00213,BRW-0175,2024-04-07,Wedding,10400.0,12,9.54,912.1,33.7,Current,0,0,2024,4,Non-Default,False,29,TN,Associate,Full-Time,4,50017,843,Rent,0,491,750+,20-35%,2-4 years,$10-20K,$50-75K
LN-00214,BRW-0176,2024-11-03,Major Purchase,30700.0,36,12.87,1032.48,56.3,Default,168,1,2024,11,Default,False,26,OK,Bachelor,Contract,6,68998,579,Rent,4,2207,520-599,50-75%,5-9 years,$30-50K,$50-75K
LN-00215,BRW-0177,2024-07-03,Major Purchase,27100.0,48,13.19,729.58,70.5,Current,0,0,2024,7,Non-Default,False,67,IN,High School,Full-Time,11,53774,610,Rent,0,2431,600-649,50-75%,10+ years,$20-30K,$50-75K
LN-00216,BRW-0178,2025-06-29,Vacation,24700.0,48,7.62,598.6,64.8,Late,15,0,2025,6,Late,False,30,MO,Associate,Full-Time,5,46073,823,Mortgage,0,1889,750+,50-75%,5-9 years,$20-30K,$30-50K
LN-00217,BRW-0179,2024-11-03,Debt Consolidation,14000.0,24,7.97,632.99,31.5,Paid Off,0,0,2024,11,Non-Default,False,26,OR,Associate,Retired,3,37566,794,Rent,2,352,750+,20-35%,Retired,$10-20K,$30-50K
LN-00218,BRW-0179,2024-06-13,Home Improvement,34000.0,36,10.89,1111.35,46.7,Current,0,0,2024,6,Non-Default,False,26,OR,Associate,Retired,3,37566,794,Rent,2,352,750+,35-50%,Retired,$30-50K,$30-50K
LN-00219,BRW-0180,2025-03-22,Business Loan,22700.0,36,10.39,736.63,44.9,Late,15,0,2025,3,Late,False,42,LA,Bachelor,Full-Time,4,83990,716,Rent,2,2406,700-749,35-50%,2-4 years,$20-30K,$75-100K
LN-00220,BRW-0181,2024-02-13,Debt Consolidation,22000.0,60,11.0,478.33,64.7,Current,0,0,2024,2,Non-Default,False,30,PA,Bachelor,Contract,8,44135,593,Own,0,1902,520-599,50-75%,5-9 years,$20-30K,$30-50K
LN-00221,BRW-0182,2025-02-20,Home Improvement,10000.0,12,15.0,902.58,61.8,Paid Off,0,0,2025,2,Non-Default,False,36,MO,Associate,Retired,8,42447,570,Own,0,1282,520-599,50-75%,Retired,$0-10K,$30-50K
LN-00222,BRW-0182,2025-05-27,Major Purchase,36800.0,24,11.68,1726.81,85.1,Paid Off,0,0,2025,5,Non-Default,False,36,MO,Associate,Retired,8,42447,570,Own,0,1282,520-599,75%+,Retired,$30-50K,$30-50K
LN-00223,BRW-0183,2024-11-16,Moving,27600.0,24,9.22,1263.69,64.8,Current,0,0,2024,11,Non-Default,False,61,WI,Bachelor,Full-Time,9,51358,827,Own,2,1508,750+,50-75%,5-9 years,$20-30K,$50-75K
LN-00224,BRW-0183,2024-10-08,Business Loan,12500.0,12,7.09,1082.1,60.5,Current,0,0,2024,10,Non-Default,False,61,WI,Bachelor,Full-Time,9,51358,827,Own,2,1508,750+,50-75%,5-9 years,$10-20K,$50-75K
LN-00225,BRW-0184,2024-09-09,Education,5000.0,60,7.95,101.26,40.7,Late,15,0,2024,9,Late,False,58,LA,High School,Contract,16,25259,850,Rent,2,755,750+,35-50%,10+ years,$0-10K,<$30K
LN-00226,BRW-0185,2024-02-25,Education,2800.0,60,8.86,57.93,22.0,Current,0,0,2024,2,Non-Default,False,23,KY,Bachelor,Part-Time,3,32494,679,Own,2,538,650-699,20-35%,2-4 years,$0-10K,$30-50K
LN-00227,BRW-0186,2024-08-30,Auto Loan,35600.0,12,9.81,3126.66,96.8,Paid Off,0,0,2024,8,Non-Default,False,26,IL,Bachelor,Full-Time,1,67116,772,Mortgage,1,2288,750+,75%+,<2 years,$30-50K,$50-75K
LN-00228,BRW-0187,2024-06-13,Auto Loan,46900.0,24,9.25,2148.0,34.9,Paid Off,0,0,2024,6,Non-Default,False,68,NJ,Doctorate,Full-Time,32,108165,734,Mortgage,0,1002,700-749,20-35%,10+ years,$30-50K,$100K+
LN-00229,BRW-0188,2025-05-18,Major Purchase,15200.0,12,12.02,1350.64,88.0,Paid Off,0,0,2025,5,Non-Default,False,50,GA,Associate,Full-Time,27,42807,726,Mortgage,4,1787,700-749,75%+,10+ years,$10-20K,$30-50K
LN-00230,BRW-0189,2025-03-06,Home Improvement,35500.0,60,10.07,755.49,33.2,Paid Off,0,0,2025,3,Non-Default,False,42,MA,Master,Self-Employed,15,70887,616,Rent,1,1206,600-649,20-35%,10+ years,$30-50K,$50-75K
LN-00231,BRW-0190,2024-05-19,Debt Consolidation,30700.0,24,12.35,1450.18,74.9,Default,81,1,2024,5,Default,False,23,TX,High School,Full-Time,1,38494,648,Mortgage,0,954,600-649,50-75%,<2 years,$30-50K,$30-50K
LN-00232,BRW-0191,2024-05-13,Education,6300.0,24,12.83,299.01,51.9,Paid Off,0,0,2024,5,Non-Default,False,63,NC,Bachelor,Full-Time,27,41121,585,Own,2,1480,520-599,50-75%,10+ years,$0-10K,$30-50K
LN-00233,BRW-0192,2024-12-01,Vacation,8400.0,24,11.52,393.54,54.4,Current,0,0,2024,12,Non-Default,False,45,WA,High School,Full-Time,17,42175,715,Mortgage,1,1519,700-749,50-75%,10+ years,$0-10K,$30-50K
LN-00234,BRW-0193,2024-01-24,Major Purchase,44400.0,24,10.19,2052.73,74.7,Late,0,0,2024,1,Late,False,39,KY,Master,Part-Time,3,58864,595,Mortgage,4,1613,520-599,50-75%,2-4 years,$30-50K,$50-75K
LN-00235,BRW-0194,2025-03-15,Vacation,35700.0,24,6.98,1598.06,64.7,Paid Off,0,0,2025,3,Non-Default,False,45,IL,Master,Full-Time,1,98282,796,Own,2,3701,750+,50-75%,<2 years,$30-50K,$75-100K
LN-00236,BRW-0194,2025-04-09,Medical Expenses,7600.0,60,8.91,157.43,47.1,Current,0,0,2025,4,Non-Default,False,45,IL,Master,Full-Time,1,98282,796,Own,2,3701,750+,35-50%,<2 years,$0-10K,$75-100K
LN-00237,BRW-0195,2024-07-30,Auto Loan,13900.0,24,10.54,644.88,39.1,Late,30,0,2024,7,Late,False,55,WI,Bachelor,Part-Time,20,40418,697,Own,2,672,650-699,35-50%,10+ years,$10-20K,$30-50K
LN-00238,BRW-0196,2024-09-25,Major Purchase,29800.0,12,7.73,2588.54,81.9,Current,0,0,2024,9,Non-Default,False,43,CA,Bachelor,Full-Time,9,71852,823,Mortgage,1,2316,750+,75%+,5-9 years,$20-30K,$50-75K
LN-00239,BRW-0197,2025-02-11,Vacation,17500.0,36,10.71,570.53,52.0,Paid Off,0,0,2025,2,Non-Default,False,48,NC,Bachelor,Self-Employed,0,86875,850,Mortgage,4,3195,750+,50-75%,<2 years,$10-20K,$75-100K
LN-00240,BRW-0198,2024-08-28,Auto Loan,17700.0,12,11.3,1566.83,48.2,Late,0,0,2024,8,Late,False,59,WI,Bachelor,Self-Employed,33,77828,622,Mortgage,2,1557,600-649,35-50%,10+ years,$10-20K,$75-100K
LN-00241,BRW-0199,2025-01-25,Wedding,32100.0,12,10.9,2835.55,139.7,Default,131,1,2025,1,Default,True,65,AZ,Associate,Part-Time,1,33970,622,Mortgage,0,1118,600-649,75%+,<2 years,$30-50K,$30-50K
LN-00242,BRW-0200,2024-06-22,Medical Expenses,28900.0,60,11.63,637.47,74.6,Default,116,1,2024,6,Default,False,48,OH,Bachelor,Part-Time,22,38878,556,Own,2,1778,520-599,50-75%,10+ years,$20-30K,$30-50K
LN-00243,BRW-0201,2024-04-29,Medical Expenses,15500.0,48,7.34,373.62,49.7,Late,30,0,2024,4,Late,False,52,MN,Bachelor,Full-Time,21,51649,802,Mortgage,2,1766,750+,35-50%,10+ years,$10-20K,$50-75K
LN-00244,BRW-0201,2024-09-26,Auto Loan,46500.0,36,11.15,1525.66,76.5,Current,0,0,2024,9,Non-Default,False,52,MN,Bachelor,Full-Time,21,51649,802,Mortgage,2,1766,750+,75%+,10+ years,$30-50K,$50-75K
LN-00245,BRW-0202,2025-03-26,Medical Expenses,49700.0,24,11.68,2332.13,83.2,Default,68,1,2025,3,Default,False,63,GA,Master,Full-Time,17,96142,666,Mortgage,3,4335,650-699,75%+,10+ years,$30-50K,$75-100K
LN-00246,BRW-0203,2025-05-21,Medical Expenses,10100.0,48,9.1,251.82,21.8,Default,121,1,2025,5,Default,False,40,UT,Master,Self-Employed,11,96556,785,Mortgage,2,1502,750+,20-35%,10+ years,$10-20K,$75-100K
LN-00247,BRW-0204,2024-04-05,Moving,25700.0,24,8.25,1165.27,21.4,Paid Off,0,0,2024,4,Non-Default,False,29,KY,Bachelor,Full-Time,5,97749,742,Rent,0,578,700-749,20-35%,5-9 years,$20-30K,$75-100K
LN-00248,BRW-0204,2024-01-05,Moving,29000.0,60,8.7,597.78,14.4,Current,0,0,2024,1,Non-Default,False,29,KY,Bachelor,Full-Time,5,97749,742,Rent,0,578,700-749,0-20%,5-9 years,$20-30K,$75-100K
LN-00249,BRW-0205,2024-05-04,Vacation,27200.0,12,8.59,2373.51,137.4,Paid Off,0,0,2024,5,Non-Default,True,67,MO,High School,Retired,13,27294,770,Own,0,752,750+,75%+,Retired,$20-30K,<$30K
LN-00250,BRW-0206,2024-10-02,Medical Expenses,4700.0,48,11.45,122.5,22.8,Paid Off,0,0,2024,10,Non-Default,False,39,IN,High School,Part-Time,1,23680,649,Rent,0,328,600-649,20-35%,<2 years,$0-10K,<$30K
LN-00251,BRW-0206,2024-02-19,Wedding,12400.0,60,9.83,262.43,29.9,Paid Off,0,0,2024,2,Non-Default,False,39,IN,High School,Part-Time,1,23680,649,Rent,0,328,600-649,20-35%,<2 years,$10-20K,<$30K
LN-00252,BRW-0207,2024-09-02,Moving,20300.0,48,11.28,527.43,51.1,Late,15,0,2024,9,Late,False,28,UT,Bachelor,Self-Employed,0,47014,600,Rent,0,1474,600-649,50-75%,<2 years,$20-30K,$30-50K
LN-00253,BRW-0208,2025-05-17,Medical Expenses,21300.0,24,8.79,971.03,49.0,Paid Off,0,0,2025,5,Non-Default,False,52,UT,Bachelor,Full-Time,18,102097,709,Mortgage,2,3200,700-749,35-50%,10+ years,$20-30K,$100K+
LN-00254,BRW-0208,2025-05-16,Wedding,31800.0,36,10.75,1037.33,49.8,Current,0,0,2025,5,Non-Default,False,52,UT,Bachelor,Full-Time,18,102097,709,Mortgage,2,3200,700-749,35-50%,10+ years,$30-50K,$100K+
LN-00255,BRW-0209,2025-03-12,Home Improvement,40900.0,60,10.37,876.47,17.3,Default,161,1,2025,3,Default,False,36,PA,Bachelor,Self-Employed,13,100359,634,Rent,3,570,600-649,0-20%,10+ years,$30-50K,$100K+
LN-00256,BRW-0210,2025-06-23,Vacation,33100.0,24,13.1,1575.19,67.3,Current,0,0,2025,6,Non-Default,False,47,MD,Master,Full-Time,1,118864,693,Own,2,5093,650-699,50-75%,<2 years,$30-50K,$100K+
LN-00257,BRW-0211,2025-06-19,Vacation,21300.0,36,11.26,699.96,71.1,Current,0,0,2025,6,Non-Default,False,43,MA,Associate,Retired,4,32700,777,Rent,0,1238,750+,50-75%,Retired,$20-30K,$30-50K
LN-00258,BRW-0212,2024-09-16,Moving,6900.0,12,11.99,613.02,62.1,Default,179,1,2024,9,Default,False,43,KY,High School,Full-Time,0,31455,620,Rent,0,1014,600-649,50-75%,<2 years,$0-10K,$30-50K
LN-00259,BRW-0212,2024-07-05,Home Improvement,2600.0,48,10.56,66.64,41.2,Current,0,0,2024,7,Non-Default,False,43,KY,High School,Full-Time,0,31455,620,Rent,0,1014,600-649,35-50%,<2 years,$0-10K,$30-50K
LN-00260,BRW-0213,2024-09-28,Education,23800.0,48,10.65,611.09,27.8,Late,15,0,2024,9,Late,False,34,WA,High School,Contract,8,53975,748,Mortgage,2,640,700-749,20-35%,5-9 years,$20-30K,$50-75K
LN-00261,BRW-0214,2024-01-19,Home Improvement,18600.0,12,10.15,1636.53,99.8,Default,59,1,2024,1,Default,False,30,NC,Bachelor,Retired,3,24621,721,Mortgage,4,412,700-749,75%+,Retired,$10-20K,<$30K
LN-00262,BRW-0215,2024-11-06,Vacation,21400.0,60,12.71,483.74,34.4,Late,30,0,2024,11,Late,False,68,MA,Bachelor,Full-Time,3,63539,655,Rent,1,1338,650-699,20-35%,2-4 years,$20-30K,$50-75K
LN-00263,BRW-0216,2024-04-24,Major Purchase,6200.0,24,9.9,285.81,14.5,Current,0,0,2024,4,Non-Default,False,54,GA,Master,Contract,18,120652,610,Mortgage,0,1174,600-649,0-20%,10+ years,$0-10K,$100K+
LN-00264,BRW-0217,2024-07-14,Vacation,27800.0,48,10.78,715.54,38.1,Current,0,0,2024,7,Non-Default,False,31,KY,Bachelor,Retired,7,38662,806,Rent,2,512,750+,35-50%,Retired,$20-30K,$30-50K
LN-00265,BRW-0218,2025-04-27,Home Improvement,5500.0,48,11.5,143.49,36.6,Default,145,1,2025,4,Default,False,37,VA,Bachelor,Part-Time,14,49958,799,Mortgage,0,1382,750+,35-50%,10+ years,$0-10K,$30-50K
LN-00266,BRW-0219,2024-01-09,Business Loan,39400.0,48,6.77,939.28,26.5,Default,140,1,2024,1,Default,False,25,OK,Master,Contract,1,71945,809,Own,1,648,750+,20-35%,<2 years,$30-50K,$50-75K
LN-00267,BRW-0220,2024-02-07,Vacation,30600.0,60,12.03,681.14,39.4,Current,0,0,2024,2,Non-Default,False,35,IN,Master,Full-Time,1,131724,778,Mortgage,1,3643,750+,35-50%,<2 years,$30-50K,$100K+
LN-00268,BRW-0220,2024-03-03,Wedding,45400.0,48,8.19,1112.4,43.3,Current,0,0,2024,3,Non-Default,False,35,IN,Master,Full-Time,1,131724,778,Mortgage,1,3643,750+,35-50%,<2 years,$30-50K,$100K+
LN-00269,BRW-0221,2024-12-21,Major Purchase,7600.0,60,12.33,170.33,11.0,Current,0,0,2024,12,Non-Default,False,57,AL,Bachelor,Contract,16,86745,742,Rent,0,625,700-749,0-20%,10+ years,$0-10K,$75-100K
LN-00270,BRW-0222,2024-12-13,Vacation,13100.0,24,13.44,625.51,53.4,Late,15,0,2024,12,Late,False,49,MI,Associate,Full-Time,29,75328,570,Mortgage,1,2727,520-599,50-75%,10+ years,$10-20K,$75-100K
LN-00271,BRW-0223,2025-01-03,Auto Loan,20700.0,48,12.0,545.11,19.8,Paid Off,0,0,2025,1,Non-Default,False,63,UT,Doctorate,Part-Time,28,60734,730,Rent,1,456,700-749,0-20%,10+ years,$20-30K,$50-75K
LN-00272,BRW-0224,2024-07-23,Auto Loan,6100.0,48,10.48,156.12,42.8,Default,155,1,2024,7,Default,False,64,WA,Master,Full-Time,11,128412,610,Rent,1,4429,600-649,35-50%,10+ years,$0-10K,$100K+
LN-00273,BRW-0225,2024-02-18,Major Purchase,25700.0,24,7.93,1161.52,38.1,Current,0,0,2024,2,Non-Default,False,36,OR,Master,Self-Employed,13,138554,787,Mortgage,0,3236,750+,35-50%,10+ years,$20-30K,$100K+
LN-00274,BRW-0226,2024-12-11,Medical Expenses,43900.0,12,14.33,3948.47,177.4,Default,88,1,2024,12,Default,True,31,AZ,Associate,Retired,0,37737,582,Rent,2,1629,520-599,75%+,Retired,$30-50K,$30-50K
LN-00275,BRW-0227,2024-09-30,Business Loan,49700.0,36,11.21,1632.06,51.2,Late,15,0,2024,9,Late,False,23,TX,Associate,Full-Time,0,56840,758,Own,1,791,750+,50-75%,<2 years,$30-50K,$50-75K
LN-00276,BRW-0228,2024-04-23,Home Improvement,46500.0,48,12.61,1238.5,56.2,Late,0,0,2024,4,Late,False,35,AL,Master,Self-Employed,7,66623,683,Rent,2,1880,650-699,50-75%,5-9 years,$30-50K,$50-75K
LN-00277,BRW-0229,2024-04-30,Home Improvement,4000.0,12,7.24,346.55,55.6,Late,15,0,2024,4,Late,False,65,NC,Master,Full-Time,14,129782,816,Mortgage,0,5669,750+,50-75%,10+ years,$0-10K,$100K+
LN-00278,BRW-0229,2024-04-11,Auto Loan,38600.0,48,10.06,980.11,61.5,Default,123,1,2024,4,Default,False,65,NC,Master,Full-Time,14,129782,816,Mortgage,0,5669,750+,50-75%,10+ years,$30-50K,$100K+
LN-00279,BRW-0230,2024-01-07,Medical Expenses,8100.0,48,12.0,213.3,43.4,Current,0,0,2024,1,Non-Default,False,33,KY,Bachelor,Full-Time,10,72220,711,Rent,1,2396,700-749,35-50%,10+ years,$0-10K,$50-75K
LN-00280,BRW-0231,2024-09-08,Home Improvement,22300.0,48,8.94,554.3,25.8,Current,0,0,2024,9,Non-Default,False,48,MI,High School,Full-Time,7,48955,772,Rent,3,498,750+,20-35%,5-9 years,$20-30K,$30-50K
LN-00281,BRW-0232,2025-06-12,Major Purchase,21600.0,48,11.09,559.21,46.2,Current,0,0,2025,6,Non-Default,False,51,NC,Master,Part-Time,8,75699,820,Mortgage,0,2355,750+,35-50%,5-9 years,$20-30K,$75-100K
LN-00282,BRW-0233,2024-11-18,Debt Consolidation,26800.0,12,9.72,2352.66,31.1,Current,0,0,2024,11,Non-Default,False,50,MN,Master,Full-Time,1,116769,642,Mortgage,2,678,600-649,20-35%,<2 years,$20-30K,$100K+
LN-00283,BRW-0234,2025-06-16,Debt Consolidation,32800.0,60,6.69,644.69,36.3,Paid Off,0,0,2025,6,Non-Default,False,26,OK,High School,Self-Employed,1,47895,816,Mortgage,3,804,750+,35-50%,<2 years,$30-50K,$30-50K
LN-00284,BRW-0235,2024-10-13,Auto Loan,17100.0,36,7.04,528.31,60.7,Current,0,0,2024,10,Non-Default,False,22,SC,Associate,Full-Time,0,63656,780,Rent,0,2692,750+,50-75%,<2 years,$10-20K,$50-75K
LN-00285,BRW-0236,2024-12-19,Business Loan,32000.0,60,11.38,701.84,44.8,Current,0,0,2024,12,Non-Default,False,57,IN,Associate,Full-Time,19,50940,713,Mortgage,3,1201,700-749,35-50%,10+ years,$30-50K,$50-75K
LN-00286,BRW-0237,2024-05-09,Auto Loan,22300.0,48,11.48,581.57,49.1,Current,0,0,2024,5,Non-Default,False,68,MD,Bachelor,Contract,20,98934,729,Mortgage,3,3467,700-749,35-50%,10+ years,$20-30K,$75-100K
LN-00287,BRW-0238,2024-09-21,Auto Loan,24100.0,24,7.82,1088.0,72.2,Paid Off,0,0,2024,9,Non-Default,False,23,NJ,Associate,Retired,2,33693,738,Own,0,940,700-749,50-75%,Retired,$20-30K,$30-50K
LN-00288,BRW-0239,2024-12-28,Home Improvement,42400.0,36,11.95,1407.27,48.1,Default,61,1,2024,12,Default,False,37,CO,Bachelor,Self-Employed,15,84293,671,Rent,2,1969,650-699,35-50%,10+ years,$30-50K,$75-100K
LN-00289,BRW-0239,2024-08-29,Vacation,37400.0,48,10.51,957.75,41.7,Late,30,0,2024,8,Late,False,37,CO,Bachelor,Self-Employed,15,84293,671,Rent,2,1969,650-699,35-50%,10+ years,$30-50K,$75-100K
LN-00290,BRW-0240,2024-05-23,Moving,13200.0,36,8.17,414.68,57.1,Current,0,0,2024,5,Non-Default,False,68,MO,Master,Full-Time,11,116402,795,Rent,4,5127,750+,50-75%,10+ years,$10-20K,$100K+
LN-00291,BRW-0240,2024-05-30,Education,11200.0,36,9.02,356.26,56.5,Current,0,0,2024,5,Non-Default,False,68,MO,Master,Full-Time,11,116402,795,Rent,4,5127,750+,50-75%,10+ years,$10-20K,$100K+
LN-00292,BRW-0241,2025-02-16,Medical Expenses,22800.0,36,14.15,780.91,25.2,Current,0,0,2025,2,Non-Default,False,55,OR,High School,Contract,0,55670,554,Mortgage,2,389,520-599,20-35%,<2 years,$20-30K,$50-75K
LN-00293,BRW-0242,2025-03-02,Vacation,37700.0,48,9.64,949.66,70.0,Current,0,0,2025,3,Non-Default,False,31,WI,High School,Full-Time,10,35536,841,Rent,3,1124,750+,50-75%,10+ years,$30-50K,$30-50K
LN-00294,BRW-0243,2024-08-05,Medical Expenses,10400.0,60,7.41,207.95,65.5,Current,0,0,2024,8,Non-Default,False,23,MI,High School,Part-Time,2,12549,791,Mortgage,0,477,750+,50-75%,2-4 years,$10-20K,<$30K
LN-00295,BRW-0244,2024-10-23,Home Improvement,14200.0,12,12.28,1263.51,66.2,Default,69,1,2024,10,Default,False,65,OH,Bachelor,Retired,33,31222,574,Own,2,458,520-599,50-75%,Retired,$10-20K,$30-50K
LN-00296,BRW-0245,2024-05-26,Auto Loan,16600.0,48,7.86,404.16,49.6,Current,0,0,2024,5,Non-Default,False,44,SC,Associate,Full-Time,14,46634,737,Mortgage,0,1523,700-749,35-50%,10+ years,$10-20K,$30-50K
LN-00297,BRW-0246,2024-12-23,Auto Loan,41100.0,48,10.23,1046.95,50.9,Default,41,1,2024,12,Default,False,27,MO,Bachelor,Contract,6,89061,587,Mortgage,1,2733,520-599,50-75%,5-9 years,$30-50K,$75-100K
LN-00298,BRW-0246,2025-01-21,Major Purchase,16900.0,48,14.72,467.94,43.1,Late,0,0,2025,1,Late,False,27,MO,Bachelor,Contract,6,89061,587,Mortgage,1,2733,520-599,35-50%,5-9 years,$10-20K,$75-100K
LN-00299,BRW-0247,2024-11-29,Moving,31000.0,48,9.18,774.09,40.2,Default,134,1,2024,11,Default,False,66,UT,High School,Full-Time,6,37673,694,Rent,0,488,650-699,35-50%,5-9 years,$30-50K,$30-50K
LN-00300,BRW-0248,2024-03-31,Major Purchase,3800.0,48,14.21,104.24,16.1,Current,0,0,2024,3,Non-Default,False,66,MD,Master,Full-Time,17,58595,568,Rent,2,682,520-599,0-20%,10+ years,$0-10K,$50-75K
LN-00301,BRW-0249,2024-02-24,Auto Loan,5100.0,60,8.29,104.12,51.2,Paid Off,0,0,2024,2,Non-Default,False,42,MD,High School,Full-Time,2,27475,728,Mortgage,0,1069,700-749,50-75%,2-4 years,$0-10K,<$30K
LN-00302,BRW-0250,2024-10-08,Debt Consolidation,27200.0,24,14.71,1315.09,66.5,Paid Off,0,0,2024,10,Non-Default,False,46,AL,Bachelor,Full-Time,25,65089,606,Rent,0,2292,600-649,50-75%,10+ years,$20-30K,$50-75K
LN-00303,BRW-0251,2024-02-16,Vacation,12100.0,36,10.28,392.03,52.7,Late,15,0,2024,2,Late,False,44,WI,High School,Full-Time,19,51921,704,Rent,1,1889,700-749,50-75%,10+ years,$10-20K,$50-75K
LN-00304,BRW-0251,2024-04-03,Medical Expenses,35900.0,36,10.18,1161.43,70.5,Default,55,1,2024,4,Default,False,44,WI,High School,Full-Time,19,51921,704,Rent,1,1889,700-749,50-75%,10+ years,$30-50K,$50-75K
LN-00305,BRW-0252,2025-02-21,Auto Loan,9900.0,12,9.92,870.0,54.0,Paid Off,0,0,2025,2,Non-Default,False,23,WA,Bachelor,Self-Employed,2,69345,651,Mortgage,1,2252,650-699,50-75%,2-4 years,$0-10K,$50-75K
LN-00306,BRW-0253,2024-11-27,Debt Consolidation,5700.0,24,11.13,266.01,49.6,Late,15,0,2024,11,Late,False,64,IL,Bachelor,Self-Employed,4,59445,656,Own,1,2189,650-699,35-50%,2-4 years,$0-10K,$50-75K
LN-00307,BRW-0254,2025-05-31,Business Loan,30100.0,48,13.59,816.35,27.0,Current,0,0,2025,5,Non-Default,False,31,LA,Master,Full-Time,4,63742,537,Mortgage,0,617,520-599,20-35%,2-4 years,$30-50K,$50-75K
LN-00308,BRW-0255,2024-01-20,Major Purchase,2400.0,24,14.87,116.22,38.3,Default,180,1,2024,1,Default,False,33,MO,Bachelor,Part-Time,0,40311,582,Own,0,1172,520-599,35-50%,<2 years,$0-10K,$30-50K
LN-00309,BRW-0256,2025-02-20,Business Loan,33300.0,24,11.81,1564.59,34.3,Current,0,0,2025,2,Non-Default,False,42,GA,Master,Full-Time,17,90104,583,Rent,2,1012,520-599,20-35%,10+ years,$30-50K,$75-100K
LN-00310,BRW-0257,2025-03-09,Medical Expenses,23500.0,24,12.7,1113.92,71.2,Current,0,0,2025,3,Non-Default,False,46,NC,High School,Full-Time,2,31847,599,Own,1,775,520-599,50-75%,2-4 years,$20-30K,$30-50K
LN-00311,BRW-0258,2025-05-08,Wedding,32700.0,12,7.25,2833.19,85.7,Late,0,0,2025,5,Late,False,26,MA,Bachelor,Retired,4,51955,783,Mortgage,0,876,750+,75%+,Retired,$30-50K,$50-75K
LN-00312,BRW-0258,2024-06-14,Education,12200.0,60,8.36,249.48,26.0,Current,0,0,2024,6,Non-Default,False,26,MA,Bachelor,Retired,4,51955,783,Mortgage,0,876,750+,20-35%,Retired,$10-20K,$50-75K
LN-00313,BRW-0259,2024-08-03,Home Improvement,35000.0,36,12.84,1176.59,76.1,Late,30,0,2024,8,Late,False,47,OR,Associate,Part-Time,14,36601,693,Mortgage,3,1145,650-699,75%+,10+ years,$30-50K,$30-50K
LN-00314,BRW-0260,2024-11-25,Education,49000.0,48,10.83,1262.39,46.7,Current,0,0,2024,11,Non-Default,False,60,WA,High School,Full-Time,30,55744,632,Mortgage,4,909,600-649,35-50%,10+ years,$30-50K,$50-75K
LN-00315,BRW-0261,2024-01-10,Medical Expenses,2100.0,48,8.42,51.68,11.8,Paid Off,0,0,2024,1,Non-Default,False,66,KY,Bachelor,Retired,24,54293,696,Mortgage,1,483,650-699,0-20%,Retired,$0-10K,$50-75K
LN-00316,BRW-0262,2025-03-31,Major Purchase,13300.0,12,9.34,1165.2,96.6,Paid Off,0,0,2025,3,Non-Default,False,58,MA,High School,Retired,1,17239,801,Rent,3,222,750+,75%+,Retired,$10-20K,<$30K
LN-00317,BRW-0263,2025-01-14,Education,42300.0,12,7.97,3679.02,72.6,Current,0,0,2025,1,Non-Default,False,40,MI,Master,Full-Time,15,127340,759,Own,0,4025,750+,50-75%,10+ years,$30-50K,$100K+
LN-00318,BRW-0263,2024-11-06,Debt Consolidation,34700.0,36,8.31,1092.34,48.2,Paid Off,0,0,2024,11,Non-Default,False,40,MI,Master,Full-Time,15,127340,759,Own,0,4025,750+,35-50%,10+ years,$30-50K,$100K+
LN-00319,BRW-0264,2024-07-19,Debt Consolidation,40100.0,60,7.03,794.6,64.8,Current,0,0,2024,7,Non-Default,False,67,MO,Bachelor,Full-Time,30,69250,841,Mortgage,1,2944,750+,50-75%,10+ years,$30-50K,$50-75K
LN-00320,BRW-0264,2024-06-28,Auto Loan,25700.0,60,6.95,508.28,59.8,Default,62,1,2024,6,Default,False,67,MO,Bachelor,Full-Time,30,69250,841,Mortgage,1,2944,750+,50-75%,10+ years,$20-30K,$50-75K
LN-00321,BRW-0265,2024-10-07,Medical Expenses,29400.0,24,10.76,1367.0,38.8,Paid Off,0,0,2024,10,Non-Default,False,66,GA,Bachelor,Full-Time,5,102385,819,Own,2,1941,750+,35-50%,5-9 years,$20-30K,$100K+
LN-00322,BRW-0266,2025-03-13,Moving,32400.0,48,7.78,787.64,30.9,Late,15,0,2025,3,Late,False,63,AZ,Bachelor,Part-Time,21,44963,734,Rent,0,372,700-749,20-35%,10+ years,$30-50K,$30-50K
LN-00323,BRW-0267,2025-04-22,Major Purchase,21500.0,12,9.58,1885.99,68.1,Current,0,0,2025,4,Non-Default,False,36,WA,Bachelor,Full-Time,7,77637,829,Mortgage,1,2521,750+,50-75%,5-9 years,$20-30K,$75-100K
LN-00324,BRW-0267,2024-01-06,Business Loan,25600.0,60,8.43,524.36,47.1,Paid Off,0,0,2024,1,Non-Default,False,36,WA,Bachelor,Full-Time,7,77637,829,Mortgage,1,2521,750+,35-50%,5-9 years,$20-30K,$75-100K
LN-00325,BRW-0268,2024-07-20,Business Loan,22300.0,12,14.87,2011.39,109.3,Default,109,1,2024,7,Default,True,66,NY,Bachelor,Full-Time,18,42167,583,Mortgage,0,1828,520-599,75%+,10+ years,$20-30K,$30-50K
LN-00326,BRW-0268,2024-01-25,Home Improvement,6100.0,48,12.44,161.96,56.6,Current,0,0,2024,1,Non-Default,False,66,NY,Bachelor,Full-Time,18,42167,583,Mortgage,0,1828,520-599,50-75%,10+ years,$0-10K,$30-50K
LN-00327,BRW-0269,2025-06-16,Home Improvement,48000.0,12,10.76,4236.95,117.3,Late,15,0,2025,6,Late,True,31,FL,Associate,Full-Time,7,65633,801,Mortgage,1,2178,750+,75%+,5-9 years,$30-50K,$50-75K
LN-00328,BRW-0270,2024-02-04,Home Improvement,29700.0,12,15.86,2692.74,119.6,Default,46,1,2024,2,Default,True,42,MN,High School,Full-Time,10,47419,541,Mortgage,3,2034,520-599,75%+,10+ years,$20-30K,$30-50K
LN-00329,BRW-0271,2025-03-18,Debt Consolidation,22200.0,36,10.67,723.34,39.9,Default,44,1,2025,3,Default,False,37,WA,Bachelor,Part-Time,14,33944,743,Own,2,405,700-749,35-50%,10+ years,$20-30K,$30-50K
LN-00330,BRW-0272,2024-08-26,Auto Loan,21300.0,60,13.16,486.39,23.0,Late,0,0,2024,8,Late,False,64,WA,Bachelor,Full-Time,28,79780,636,Mortgage,0,1046,600-649,20-35%,10+ years,$20-30K,$75-100K
LN-00331,BRW-0273,2024-01-27,Vacation,44200.0,60,10.81,956.83,29.8,Current,0,0,2024,1,Non-Default,False,39,NJ,Master,Contract,17,59967,582,Own,0,534,520-599,20-35%,10+ years,$30-50K,$50-75K
LN-00332,BRW-0274,2024-05-09,Wedding,30500.0,24,10.36,1412.49,38.1,Current,0,0,2024,5,Non-Default,False,64,MD,Master,Full-Time,24,109435,850,Mortgage,0,2060,750+,35-50%,10+ years,$30-50K,$100K+
LN-00333,BRW-0275,2024-11-15,Vacation,7900.0,12,8.77,690.02,29.9,Late,0,0,2024,11,Late,False,51,NJ,Bachelor,Contract,5,85642,692,Rent,0,1446,650-699,20-35%,5-9 years,$0-10K,$75-100K
LN-00334,BRW-0276,2024-12-17,Wedding,39200.0,24,8.35,1779.17,69.4,Late,30,0,2024,12,Late,False,33,AZ,Bachelor,Full-Time,2,65383,840,Mortgage,0,2003,750+,50-75%,2-4 years,$30-50K,$50-75K
LN-00335,BRW-0277,2025-03-08,Medical Expenses,8800.0,60,14.04,204.94,33.4,Late,30,0,2025,3,Late,False,66,PA,Master,Retired,31,41677,615,Mortgage,1,956,600-649,20-35%,Retired,$0-10K,$30-50K
LN-00336,BRW-0278,2024-12-05,Home Improvement,28000.0,48,12.52,744.52,40.9,Current,0,0,2024,12,Non-Default,False,25,IN,Master,Retired,3,57707,629,Rent,2,1224,600-649,35-50%,Retired,$20-30K,$50-75K
LN-00337,BRW-0279,2024-01-04,Education,17200.0,12,12.86,1535.13,44.4,Current,0,0,2024,1,Non-Default,False,53,GA,Bachelor,Contract,1,71779,577,Rent,0,1121,520-599,35-50%,<2 years,$10-20K,$50-75K
LN-00338,BRW-0280,2025-01-19,Vacation,47700.0,36,10.99,1561.41,77.5,Paid Off,0,0,2025,1,Non-Default,False,56,MD,Associate,Self-Employed,35,55533,783,Mortgage,0,2024,750+,75%+,10+ years,$30-50K,$50-75K
LN-00339,BRW-0281,2024-07-18,Home Improvement,28600.0,24,8.7,1302.65,64.0,Late,15,0,2024,7,Late,False,45,AZ,Bachelor,Self-Employed,17,89088,765,Own,0,3452,750+,50-75%,10+ years,$20-30K,$75-100K
LN-00340,BRW-0282,2024-12-13,Business Loan,4500.0,36,11.88,149.21,22.8,Current,0,0,2024,12,Non-Default,False,37,FL,Associate,Retired,2,30106,703,Mortgage,2,422,700-749,20-35%,Retired,$0-10K,$30-50K
LN-00341,BRW-0282,2024-05-20,Medical Expenses,36100.0,12,12.44,3214.88,145.0,Current,0,0,2024,5,Non-Default,True,37,FL,Associate,Retired,2,30106,703,Mortgage,2,422,700-749,75%+,Retired,$30-50K,$30-50K
LN-00342,BRW-0283,2025-06-23,Auto Loan,19700.0,36,10.74,642.53,25.0,Late,30,0,2025,6,Late,False,59,KY,Bachelor,Contract,10,79534,754,Mortgage,0,1017,750+,20-35%,10+ years,$10-20K,$75-100K
LN-00343,BRW-0283,2024-07-15,Home Improvement,31300.0,24,11.41,1464.79,37.4,Current,0,0,2024,7,Non-Default,False,59,KY,Bachelor,Contract,10,79534,754,Mortgage,0,1017,750+,35-50%,10+ years,$30-50K,$75-100K
LN-00344,BRW-0284,2024-10-28,Business Loan,38600.0,60,10.6,831.58,31.0,Current,0,0,2024,10,Non-Default,False,25,MI,Bachelor,Full-Time,2,78679,621,Rent,0,1204,600-649,20-35%,2-4 years,$30-50K,$75-100K
LN-00345,BRW-0285,2024-03-24,Medical Expenses,48500.0,48,8.63,1198.42,58.9,Late,0,0,2024,3,Late,False,54,OK,Doctorate,Self-Employed,3,76451,745,Rent,2,2552,700-749,50-75%,2-4 years,$30-50K,$75-100K
LN-00346,BRW-0286,2025-06-15,Major Purchase,33000.0,60,9.6,694.68,38.0,Current,0,0,2025,6,Non-Default,False,30,CO,Associate,Self-Employed,7,67675,736,Own,0,1450,700-749,35-50%,5-9 years,$30-50K,$50-75K
LN-00347,BRW-0287,2024-07-31,Vacation,25800.0,60,10.98,560.7,37.0,Paid Off,0,0,2024,7,Non-Default,False,50,SC,High School,Self-Employed,16,49464,736,Rent,3,966,700-749,35-50%,10+ years,$20-30K,$30-50K
LN-00348,BRW-0288,2025-01-18,Auto Loan,20100.0,24,14.98,974.39,26.1,Default,51,1,2025,1,Default,False,53,SC,Associate,Full-Time,29,65165,582,Mortgage,1,443,520-599,20-35%,10+ years,$20-30K,$50-75K
LN-00349,BRW-0289,2025-04-21,Home Improvement,19900.0,24,9.87,917.09,53.6,Current,0,0,2025,4,Non-Default,False,56,MI,Bachelor,Retired,17,55935,783,Mortgage,1,1580,750+,50-75%,Retired,$10-20K,$50-75K
LN-00350,BRW-0290,2025-03-28,Education,17200.0,48,10.56,440.88,9.8,Default,49,1,2025,3,Default,False,58,KY,Master,Self-Employed,2,131318,574,Own,3,636,520-599,0-20%,2-4 years,$10-20K,$100K+
LN-00351,BRW-0291,2024-10-10,Home Improvement,26100.0,60,12.42,586.13,19.9,Current,0,0,2024,10,Non-Default,False,32,CT,Bachelor,Full-Time,11,101722,648,Rent,2,1097,600-649,0-20%,10+ years,$20-30K,$100K+
LN-00352,BRW-0292,2024-10-08,Business Loan,12600.0,36,11.36,414.66,62.4,Default,65,1,2024,10,Default,False,39,MI,High School,Full-Time,1,25301,609,Mortgage,2,901,600-649,50-75%,<2 years,$10-20K,<$30K
LN-00353,BRW-0293,2024-12-20,Moving,2400.0,36,8.51,75.77,29.5,Current,0,0,2024,12,Non-Default,False,49,GA,Bachelor,Self-Employed,2,40669,774,Own,1,923,750+,20-35%,2-4 years,$0-10K,$30-50K
LN-00354,BRW-0293,2024-06-01,Wedding,2600.0,60,12.05,57.9,28.9,Paid Off,0,0,2024,6,Non-Default,False,49,GA,Bachelor,Self-Employed,2,40669,774,Own,1,923,750+,20-35%,2-4 years,$0-10K,$30-50K
LN-00355,BRW-0294,2025-04-17,Business Loan,39700.0,48,10.93,1024.72,21.3,Paid Off,0,0,2025,4,Non-Default,False,22,NY,Bachelor,Contract,2,103644,761,Own,0,817,750+,20-35%,2-4 years,$30-50K,$100K+
LN-00356,BRW-0295,2024-05-22,Major Purchase,9300.0,60,8.15,189.24,38.4,Paid Off,0,0,2024,5,Non-Default,False,28,MN,High School,Full-Time,2,32933,720,Mortgage,0,865,700-749,35-50%,2-4 years,$0-10K,$30-50K
LN-00357,BRW-0296,2024-11-02,Education,19900.0,48,13.08,534.66,49.5,Paid Off,0,0,2024,11,Non-Default,False,22,UT,Bachelor,Full-Time,2,63005,644,Rent,1,2064,600-649,35-50%,2-4 years,$10-20K,$50-75K
LN-00358,BRW-0297,2025-02-04,Medical Expenses,49700.0,60,9.3,1038.94,37.5,Current,0,0,2025,2,Non-Default,False,35,AZ,High School,Full-Time,12,48886,831,Mortgage,1,488,750+,35-50%,10+ years,$30-50K,$30-50K
LN-00359,BRW-0297,2025-04-07,Moving,18800.0,36,9.0,597.83,26.7,Current,0,0,2025,4,Non-Default,False,35,AZ,High School,Full-Time,12,48886,831,Mortgage,1,488,750+,20-35%,10+ years,$10-20K,$30-50K
LN-00360,BRW-0298,2024-07-22,Medical Expenses,19000.0,48,6.03,446.48,54.1,Default,128,1,2024,7,Default,False,39,SC,Bachelor,Full-Time,9,78943,846,Rent,0,3115,750+,50-75%,5-9 years,$10-20K,$75-100K
LN-00361,BRW-0299,2025-06-14,Business Loan,8100.0,48,8.2,198.51,64.1,Default,113,1,2025,6,Default,False,41,KY,Associate,Part-Time,9,20963,725,Mortgage,3,921,700-749,50-75%,5-9 years,$0-10K,<$30K
LN-00362,BRW-0300,2025-05-04,Major Purchase,49500.0,24,13.08,2355.18,86.4,Paid Off,0,0,2025,5,Non-Default,False,53,CA,Bachelor,Full-Time,33,81309,576,Rent,4,3502,520-599,75%+,10+ years,$30-50K,$75-100K
LN-00363,BRW-0300,2025-05-01,Business Loan,9200.0,48,14.49,253.67,55.4,Default,177,1,2025,5,Default,False,53,CA,Bachelor,Full-Time,33,81309,576,Rent,4,3502,520-599,50-75%,10+ years,$0-10K,$75-100K
LN-00364,BRW-0301,2024-01-08,Wedding,26800.0,48,7.81,651.88,55.1,Paid Off,0,0,2024,1,Non-Default,False,30,TN,Bachelor,Contract,10,67451,814,Own,4,2446,750+,50-75%,10+ years,$20-30K,$50-75K
LN-00365,BRW-0301,2025-04-16,Wedding,27200.0,60,10.83,589.09,54.0,Current,0,0,2025,4,Non-Default,False,30,TN,Bachelor,Contract,10,67451,814,Own,4,2446,750+,50-75%,10+ years,$20-30K,$50-75K
LN-00366,BRW-0302,2024-06-28,Vacation,33100.0,36,12.62,1109.22,67.8,Default,75,1,2024,6,Default,False,23,CO,Bachelor,Full-Time,3,54364,560,Mortgage,2,1964,520-599,50-75%,2-4 years,$30-50K,$50-75K
LN-00367,BRW-0303,2024-04-07,Major Purchase,45700.0,24,9.33,2094.72,76.0,Late,15,0,2024,4,Late,False,49,MI,Master,Full-Time,4,100637,850,Mortgage,0,4280,750+,75%+,2-4 years,$30-50K,$100K+
LN-00368,BRW-0303,2024-03-09,Medical Expenses,32100.0,36,9.17,1023.31,63.2,Current,0,0,2024,3,Non-Default,False,49,MI,Master,Full-Time,4,100637,850,Mortgage,0,4280,750+,50-75%,2-4 years,$30-50K,$100K+
LN-00369,BRW-0304,2024-11-29,Moving,14600.0,12,8.36,1272.46,66.1,Current,0,0,2024,11,Non-Default,False,31,AZ,Bachelor,Full-Time,1,81067,850,Mortgage,2,3196,750+,50-75%,<2 years,$10-20K,$75-100K
LN-00370,BRW-0305,2025-02-12,Debt Consolidation,6200.0,48,7.94,151.19,50.7,Current,0,0,2025,2,Non-Default,False,25,MN,Associate,Retired,4,20854,838,Own,2,730,750+,50-75%,Retired,$0-10K,<$30K
LN-00371,BRW-0306,2024-03-25,Medical Expenses,12300.0,48,9.32,307.96,34.2,Paid Off,0,0,2024,3,Non-Default,False,29,KY,High School,Full-Time,5,22799,779,Mortgage,3,341,750+,20-35%,5-9 years,$10-20K,<$30K
LN-00372,BRW-0307,2024-06-30,Auto Loan,8800.0,12,13.28,787.15,48.2,Default,166,1,2024,6,Default,False,45,NJ,High School,Self-Employed,24,31860,585,Rent,3,493,520-599,35-50%,10+ years,$0-10K,$30-50K
LN-00373,BRW-0308,2025-01-01,Medical Expenses,11000.0,36,7.78,343.58,45.1,Paid Off,0,0,2025,1,Non-Default,False,26,TX,Associate,Retired,3,35035,779,Mortgage,1,973,750+,35-50%,Retired,$10-20K,$30-50K
LN-00374,BRW-0309,2024-04-15,Vacation,42200.0,60,13.39,968.63,69.7,Default,108,1,2024,4,Default,False,45,CA,High School,Self-Employed,7,53878,589,Rent,0,2161,520-599,50-75%,5-9 years,$30-50K,$50-75K
LN-00375,BRW-0310,2025-01-18,Wedding,13400.0,24,14.29,645.21,51.9,Current,0,0,2025,1,Non-Default,False,37,UT,High School,Full-Time,1,54791,621,Mortgage,2,1725,600-649,50-75%,<2 years,$10-20K,$50-75K
LN-00376,BRW-0311,2024-04-08,Debt Consolidation,10100.0,12,9.89,887.43,67.1,Current,0,0,2024,4,Non-Default,False,36,FL,Associate,Full-Time,2,62677,673,Mortgage,1,2616,650-699,50-75%,2-4 years,$10-20K,$50-75K
LN-00377,BRW-0312,2024-07-13,Major Purchase,23900.0,36,10.64,778.39,76.8,Late,15,0,2024,7,Late,False,33,OK,Associate,Full-Time,1,31521,730,Rent,0,1240,700-749,75%+,<2 years,$20-30K,$30-50K
LN-00378,BRW-0313,2024-11-19,Business Loan,8300.0,24,8.84,378.57,41.0,Default,84,1,2024,11,Default,False,42,AL,High School,Full-Time,18,35385,674,Rent,2,831,650-699,35-50%,10+ years,$0-10K,$30-50K
LN-00379,BRW-0314,2024-03-09,Home Improvement,15400.0,60,8.19,313.66,20.9,Paid Off,0,0,2024,3,Non-Default,False,59,UT,Doctorate,Retired,15,88548,819,Own,1,1228,750+,20-35%,Retired,$10-20K,$75-100K
LN-00380,BRW-0315,2024-04-07,Home Improvement,38100.0,60,9.17,794.04,64.5,Late,30,0,2024,4,Late,False,44,WA,Bachelor,Self-Employed,0,41212,701,Rent,3,1420,700-749,50-75%,<2 years,$30-50K,$30-50K
LN-00381,BRW-0316,2025-05-08,Medical Expenses,13700.0,36,15.64,479.22,36.2,Default,34,1,2025,5,Default,False,28,NY,Associate,Retired,2,29277,555,Rent,0,404,520-599,35-50%,Retired,$10-20K,<$30K
LN-00382,BRW-0317,2024-01-14,Wedding,26500.0,24,12.88,1258.37,30.3,Default,61,1,2024,1,Default,False,55,CO,Bachelor,Contract,6,69849,578,Mortgage,3,508,520-599,20-35%,5-9 years,$20-30K,$50-75K
LN-00383,BRW-0318,2025-05-25,Major Purchase,21000.0,12,9.45,1840.87,121.8,Current,0,0,2025,5,Non-Default,True,58,UT,High School,Self-Employed,16,27000,674,Rent,3,900,650-699,75%+,10+ years,$20-30K,<$30K
LN-00384,BRW-0319,2024-11-21,Wedding,22800.0,36,10.2,737.83,37.2,Current,0,0,2024,11,Non-Default,False,42,MD,Associate,Full-Time,4,32850,628,Rent,0,281,600-649,35-50%,2-4 years,$20-30K,$30-50K
LN-00385,BRW-0320,2024-07-29,Auto Loan,13000.0,36,11.03,425.79,16.3,Late,15,0,2024,7,Late,False,50,NC,Bachelor,Full-Time,14,74791,641,Mortgage,3,593,600-649,0-20%,10+ years,$10-20K,$50-75K
LN-00386,BRW-0320,2025-01-25,Business Loan,35400.0,24,12.36,1672.36,36.3,Late,0,0,2025,1,Late,False,50,NC,Bachelor,Full-Time,14,74791,641,Mortgage,3,593,600-649,35-50%,10+ years,$30-50K,$50-75K
LN-00387,BRW-0321,2024-05-08,Vacation,5800.0,24,14.02,278.53,28.6,Default,170,1,2024,5,Default,False,65,SC,Associate,Self-Employed,20,57272,640,Own,0,1087,600-649,20-35%,10+ years,$0-10K,$50-75K
LN-00388,BRW-0322,2024-07-21,Business Loan,4200.0,48,11.24,109.04,44.9,Default,75,1,2024,7,Default,False,54,OK,High School,Full-Time,1,51267,619,Rent,1,1811,600-649,35-50%,<2 years,$0-10K,$50-75K
LN-00389,BRW-0322,2024-07-25,Wedding,10200.0,48,14.52,281.4,49.0,Default,153,1,2024,7,Default,False,54,OK,High School,Full-Time,1,51267,619,Rent,1,1811,600-649,35-50%,<2 years,$10-20K,$50-75K
LN-00390,BRW-0323,2025-03-19,Education,8200.0,48,12.25,216.95,16.7,Paid Off,0,0,2025,3,Non-Default,False,37,LA,High School,Full-Time,0,50342,592,Own,4,483,520-599,0-20%,<2 years,$0-10K,$50-75K
LN-00391,BRW-0324,2024-06-05,Major Purchase,4900.0,36,9.18,156.23,59.0,Current,0,0,2024,6,Non-Default,False,47,OR,Bachelor,Part-Time,18,44951,828,Mortgage,0,2054,750+,50-75%,10+ years,$0-10K,$30-50K
LN-00392,BRW-0325,2025-04-25,Auto Loan,30600.0,12,9.93,2689.23,100.4,Default,78,1,2025,4,Default,True,34,MA,Master,Full-Time,1,65650,704,Own,0,2801,700-749,75%+,<2 years,$30-50K,$50-75K
LN-00393,BRW-0326,2025-02-08,Moving,20000.0,48,12.16,528.25,30.1,Current,0,0,2025,2,Non-Default,False,49,UT,Master,Full-Time,5,57129,748,Mortgage,0,904,700-749,20-35%,5-9 years,$10-20K,$50-75K
LN-00394,BRW-0327,2024-06-15,Wedding,6100.0,12,10.74,538.39,47.2,Default,141,1,2024,6,Default,False,31,MO,High School,Part-Time,7,17078,671,Mortgage,1,133,650-699,35-50%,5-9 years,$0-10K,<$30K
LN-00395,BRW-0328,2025-01-29,Education,24900.0,36,10.17,805.44,24.0,Current,0,0,2025,1,Non-Default,False,46,KY,High School,Full-Time,7,53539,799,Mortgage,1,266,750+,20-35%,5-9 years,$20-30K,$50-75K
LN-00396,BRW-0328,2024-05-31,Debt Consolidation,19300.0,12,10.17,1698.3,44.0,Late,0,0,2024,5,Late,False,46,KY,High School,Full-Time,7,53539,799,Mortgage,1,266,750+,35-50%,5-9 years,$10-20K,$50-75K
LN-00397,BRW-0329,2024-04-04,Wedding,33800.0,24,6.85,1511.02,36.4,Late,15,0,2024,4,Late,False,46,IN,Master,Full-Time,11,101319,793,Rent,1,1563,750+,35-50%,10+ years,$30-50K,$100K+
LN-00398,BRW-0330,2025-03-13,Home Improvement,11100.0,48,9.53,279.03,48.1,Default,107,1,2025,3,Default,False,23,TN,Associate,Full-Time,0,70784,678,Rent,1,2556,650-699,35-50%,<2 years,$10-20K,$50-75K
LN-00399,BRW-0331,2024-04-01,Moving,20400.0,36,12.24,679.91,60.2,Default,176,1,2024,4,Default,False,36,GA,Doctorate,Full-Time,1,135142,686,Rent,2,6096,650-699,50-75%,<2 years,$20-30K,$100K+
LN-00400,BRW-0332,2025-02-11,Education,14900.0,24,14.15,716.45,32.0,Current,0,0,2025,2,Non-Default,False,46,KY,Bachelor,Contract,7,94525,630,Mortgage,2,1806,600-649,20-35%,5-9 years,$10-20K,$75-100K
LN-00401,BRW-0333,2024-10-22,Home Improvement,15500.0,60,8.45,317.63,52.3,Current,0,0,2024,10,Non-Default,False,59,OH,High School,Self-Employed,9,55754,818,Mortgage,3,2114,750+,50-75%,5-9 years,$10-20K,$50-75K
LN-00402,BRW-0334,2024-08-05,Business Loan,20100.0,12,12.95,1794.81,55.1,Default,45,1,2024,8,Default,False,53,CA,Bachelor,Full-Time,14,43022,558,Mortgage,1,180,520-599,50-75%,10+ years,$20-30K,$30-50K
LN-00403,BRW-0335,2024-04-21,Business Loan,34700.0,48,10.54,889.11,29.1,Current,0,0,2024,4,Non-Default,False,61,MD,Associate,Full-Time,3,62522,700,Own,2,629,700-749,20-35%,2-4 years,$30-50K,$50-75K
LN-00404,BRW-0336,2024-04-13,Auto Loan,3400.0,24,10.04,156.96,13.2,Default,98,1,2024,4,Default,False,29,NJ,Master,Contract,6,137015,741,Mortgage,1,1349,700-749,0-20%,5-9 years,$0-10K,$100K+
LN-00405,BRW-0337,2025-06-18,Debt Consolidation,39900.0,12,7.25,3457.02,77.6,Current,0,0,2025,6,Non-Default,False,32,SC,Master,Full-Time,10,109449,794,Mortgage,4,3618,750+,75%+,10+ years,$30-50K,$100K+
LN-00406,BRW-0338,2024-12-10,Auto Loan,24700.0,36,12.46,825.83,23.3,Late,15,0,2024,12,Late,False,61,SC,Master,Full-Time,24,105131,634,Mortgage,0,1216,600-649,20-35%,10+ years,$20-30K,$100K+
LN-00407,BRW-0338,2024-12-30,Business Loan,33900.0,48,12.49,900.89,24.2,Current,0,0,2024,12,Non-Default,False,61,SC,Master,Full-Time,24,105131,634,Mortgage,0,1216,600-649,20-35%,10+ years,$30-50K,$100K+
LN-00408,BRW-0339,2024-05-05,Major Purchase,44600.0,24,6.46,1985.96,98.4,Late,0,0,2024,5,Late,False,22,NJ,Master,Retired,0,52919,820,Own,3,2353,750+,75%+,Retired,$30-50K,$50-75K
LN-00409,BRW-0339,2024-07-11,Business Loan,25000.0,48,8.91,621.06,67.4,Default,112,1,2024,7,Default,False,22,NJ,Master,Retired,0,52919,820,Own,3,2353,750+,50-75%,Retired,$20-30K,$50-75K
LN-00410,BRW-0340,2024-08-27,Education,48500.0,36,11.66,1603.03,75.9,Late,0,0,2024,8,Late,False,36,NJ,Bachelor,Full-Time,2,72256,704,Own,0,2966,700-749,75%+,2-4 years,$30-50K,$50-75K
LN-00411,BRW-0341,2024-04-12,Major Purchase,47200.0,48,13.0,1266.26,21.4,Current,0,0,2024,4,Non-Default,False,27,OH,Master,Self-Employed,7,117172,716,Own,0,819,700-749,20-35%,5-9 years,$30-50K,$100K+
LN-00412,BRW-0342,2025-05-24,Moving,39700.0,60,7.59,797.21,65.4,Late,0,0,2025,5,Late,False,38,CT,Master,Self-Employed,13,58731,754,Rent,1,2402,750+,50-75%,10+ years,$30-50K,$50-75K
LN-00413,BRW-0343,2024-09-03,Vacation,17000.0,12,8.58,1483.37,33.7,Paid Off,0,0,2024,9,Non-Default,False,44,GA,Bachelor,Full-Time,20,71191,830,Rent,0,515,750+,20-35%,10+ years,$10-20K,$50-75K
LN-00414,BRW-0344,2024-11-30,Home Improvement,36400.0,24,15.11,1766.82,37.6,Current,0,0,2024,11,Non-Default,False,24,WA,Associate,Full-Time,2,73366,572,Own,0,534,520-599,35-50%,2-4 years,$30-50K,$50-75K
LN-00415,BRW-0345,2025-05-18,Vacation,34200.0,24,15.53,1666.87,73.9,Default,115,1,2025,5,Default,False,27,PA,Associate,Retired,6,42400,545,Rent,2,943,520-599,50-75%,Retired,$30-50K,$30-50K
LN-00416,BRW-0346,2025-01-25,Wedding,22100.0,36,8.42,696.82,47.8,Paid Off,0,0,2025,1,Non-Default,False,25,MO,High School,Full-Time,5,29087,808,Rent,0,462,750+,35-50%,5-9 years,$20-30K,<$30K
LN-00417,BRW-0346,2024-04-24,Major Purchase,9800.0,12,7.99,852.44,54.2,Default,78,1,2024,4,Default,False,25,MO,High School,Full-Time,5,29087,808,Rent,0,462,750+,50-75%,5-9 years,$0-10K,<$30K
LN-00418,BRW-0347,2024-01-02,Home Improvement,7000.0,36,11.75,231.67,26.4,Current,0,0,2024,1,Non-Default,False,37,CA,High School,Full-Time,4,41748,781,Own,1,686,750+,20-35%,2-4 years,$0-10K,$30-50K
LN-00419,BRW-0348,2024-08-15,Major Purchase,12900.0,24,12.02,607.37,26.4,Default,32,1,2024,8,Default,False,64,NY,Bachelor,Full-Time,10,46787,635,Mortgage,1,420,600-649,20-35%,10+ years,$10-20K,$30-50K
LN-00420,BRW-0349,2025-05-26,Vacation,32200.0,36,10.02,1039.31,45.1,Current,0,0,2025,5,Non-Default,False,47,VA,Bachelor,Contract,17,57507,850,Mortgage,3,1124,750+,35-50%,10+ years,$30-50K,$50-75K
LN-00421,BRW-0350,2025-05-04,Debt Consolidation,11300.0,12,10.33,995.18,47.5,Current,0,0,2025,5,Non-Default,False,50,LA,High School,Full-Time,18,31671,662,Own,2,259,650-699,35-50%,10+ years,$10-20K,$30-50K
LN-00422,BRW-0351,2024-08-18,Debt Consolidation,18000.0,24,10.31,833.19,44.6,Paid Off,0,0,2024,8,Non-Default,False,64,OR,Associate,Full-Time,14,74246,836,Mortgage,1,1926,750+,35-50%,10+ years,$10-20K,$50-75K
LN-00423,BRW-0351,2024-06-12,Medical Expenses,36900.0,36,10.99,1207.88,50.7,Current,0,0,2024,6,Non-Default,False,64,OR,Associate,Full-Time,14,74246,836,Mortgage,1,1926,750+,50-75%,10+ years,$30-50K,$50-75K
LN-00424,BRW-0352,2024-10-16,Education,20800.0,60,12.8,471.14,52.9,Paid Off,0,0,2024,10,Non-Default,False,56,WA,Bachelor,Retired,30,46283,650,Mortgage,3,1570,650-699,50-75%,Retired,$20-30K,$30-50K
LN-00425,BRW-0353,2024-11-07,Medical Expenses,40000.0,12,10.08,3518.12,107.2,Current,0,0,2024,11,Non-Default,True,54,LA,Bachelor,Full-Time,9,77060,850,Own,1,3368,750+,75%+,5-9 years,$30-50K,$75-100K
LN-00426,BRW-0354,2024-01-10,Auto Loan,12100.0,24,11.16,564.85,54.6,Late,15,0,2024,1,Late,False,32,AZ,Doctorate,Contract,1,79686,751,Rent,0,3063,750+,50-75%,<2 years,$10-20K,$75-100K
LN-00427,BRW-0355,2024-04-08,Medical Expenses,49200.0,24,14.9,2383.21,69.4,Default,151,1,2024,4,Default,False,31,WA,Master,Full-Time,1,132747,584,Mortgage,2,5291,520-599,50-75%,<2 years,$30-50K,$100K+
LN-00428,BRW-0356,2024-06-01,Debt Consolidation,21600.0,36,8.8,684.87,21.5,Current,0,0,2024,6,Non-Default,False,55,FL,Bachelor,Contract,33,90781,850,Rent,1,938,750+,20-35%,10+ years,$20-30K,$75-100K
LN-00429,BRW-0357,2025-01-19,Vacation,12000.0,24,13.61,573.95,46.6,Late,30,0,2025,1,Late,False,59,OK,Bachelor,Retired,6,28195,579,Rent,1,521,520-599,35-50%,Retired,$10-20K,<$30K
LN-00430,BRW-0358,2025-03-31,Vacation,33200.0,36,10.3,1075.95,58.6,Current,0,0,2025,3,Non-Default,False,48,WA,Associate,Self-Employed,1,55827,772,Own,0,1648,750+,50-75%,<2 years,$30-50K,$50-75K
LN-00431,BRW-0359,2024-04-06,Moving,30200.0,60,11.38,662.36,31.8,Current,0,0,2024,4,Non-Default,False,66,UT,Bachelor,Full-Time,3,96677,661,Rent,0,1903,650-699,20-35%,2-4 years,$30-50K,$75-100K
LN-00432,BRW-0360,2024-07-08,Major Purchase,8000.0,36,7.22,247.82,23.8,Current,0,0,2024,7,Non-Default,False,43,OK,Master,Full-Time,22,78653,786,Rent,0,1312,750+,20-35%,10+ years,$0-10K,$75-100K
LN-00433,BRW-0361,2024-05-07,Moving,26900.0,60,8.53,552.28,51.9,Late,0,0,2024,5,Late,False,50,MA,Master,Full-Time,20,117130,850,Own,0,4509,750+,50-75%,10+ years,$20-30K,$100K+
LN-00434,BRW-0361,2025-04-02,Home Improvement,30800.0,24,5.86,1363.13,60.2,Current,0,0,2025,4,Non-Default,False,50,MA,Master,Full-Time,20,117130,850,Own,0,4509,750+,50-75%,10+ years,$30-50K,$100K+
LN-00435,BRW-0362,2024-05-07,Medical Expenses,14300.0,12,6.87,1236.48,23.6,Current,0,0,2024,5,Non-Default,False,53,SC,Master,Contract,10,125043,813,Own,1,1227,750+,20-35%,10+ years,$10-20K,$100K+
LN-00436,BRW-0363,2024-10-27,Debt Consolidation,3900.0,60,13.91,90.56,24.5,Current,0,0,2024,10,Non-Default,False,55,MA,Master,Full-Time,3,71139,637,Own,0,1364,600-649,20-35%,2-4 years,$0-10K,$50-75K
LN-00437,BRW-0364,2024-08-02,Moving,49800.0,60,8.52,1022.2,52.7,Current,0,0,2024,8,Non-Default,False,34,CA,Associate,Contract,14,52736,850,Own,0,1293,750+,50-75%,10+ years,$30-50K,$50-75K
LN-00438,BRW-0365,2024-08-09,Medical Expenses,24000.0,24,11.19,1120.71,77.8,Paid Off,0,0,2024,8,Non-Default,False,50,CT,High School,Contract,11,43058,709,Own,0,1670,700-749,75%+,10+ years,$20-30K,$30-50K
LN-00439,BRW-0366,2024-03-26,Moving,9800.0,24,8.38,444.93,29.8,Paid Off,0,0,2024,3,Non-Default,False,27,CO,Associate,Full-Time,3,36926,817,Rent,0,471,750+,20-35%,2-4 years,$0-10K,$30-50K
LN-00440,BRW-0367,2025-06-07,Business Loan,26000.0,24,14.51,1254.61,61.7,Current,0,0,2025,6,Non-Default,False,63,CO,Bachelor,Full-Time,30,90383,544,Rent,0,3392,520-599,50-75%,10+ years,$20-30K,$75-100K
LN-00441,BRW-0368,2024-05-07,Major Purchase,31700.0,24,6.22,1408.11,66.8,Current,0,0,2024,5,Non-Default,False,36,WA,Associate,Contract,8,43512,850,Mortgage,3,1013,750+,50-75%,5-9 years,$30-50K,$30-50K
LN-00442,BRW-0368,2024-05-29,Education,18100.0,36,9.72,581.66,44.0,Current,0,0,2024,5,Non-Default,False,36,WA,Associate,Contract,8,43512,850,Mortgage,3,1013,750+,35-50%,5-9 years,$10-20K,$30-50K
LN-00443,BRW-0369,2024-11-09,Business Loan,7000.0,12,8.5,610.54,54.8,Current,0,0,2024,11,Non-Default,False,35,MN,Bachelor,Self-Employed,3,93191,743,Own,4,3647,700-749,50-75%,2-4 years,$0-10K,$75-100K
LN-00444,BRW-0370,2024-02-19,Wedding,25100.0,60,10.83,543.61,68.0,Default,129,1,2024,2,Default,False,57,NC,Bachelor,Part-Time,30,32803,580,Own,2,1314,520-599,50-75%,10+ years,$20-30K,$30-50K
LN-00445,BRW-0371,2024-05-10,Moving,42100.0,48,11.95,1107.62,72.2,Default,161,1,2024,5,Default,False,38,GA,Bachelor,Retired,4,49297,626,Mortgage,3,1859,600-649,50-75%,Retired,$30-50K,$30-50K
LN-00446,BRW-0372,2025-01-14,Medical Expenses,14100.0,36,11.21,463.02,36.4,Late,0,0,2025,1,Late,False,60,NC,Bachelor,Full-Time,31,49527,543,Rent,3,1041,520-599,35-50%,10+ years,$10-20K,$30-50K
LN-00447,BRW-0373,2024-10-09,Medical Expenses,17600.0,48,10.76,452.83,60.1,Paid Off,0,0,2024,10,Non-Default,False,24,CO,Bachelor,Retired,1,55596,705,Rent,2,2331,700-749,50-75%,Retired,$10-20K,$50-75K
LN-00448,BRW-0374,2024-11-16,Business Loan,29700.0,36,8.45,936.87,39.8,Current,0,0,2024,11,Non-Default,False,64,TN,Bachelor,Full-Time,11,51445,815,Mortgage,0,768,750+,35-50%,10+ years,$20-30K,$50-75K
LN-00449,BRW-0374,2024-10-19,Business Loan,9900.0,12,6.84,855.88,37.9,Paid Off,0,0,2024,10,Non-Default,False,64,TN,Bachelor,Full-Time,11,51445,815,Mortgage,0,768,750+,35-50%,10+ years,$0-10K,$50-75K
LN-00450,BRW-0375,2025-06-11,Major Purchase,46800.0,24,10.46,2169.53,43.4,Current,0,0,2025,6,Non-Default,False,57,GA,Master,Full-Time,5,112919,716,Own,2,1915,700-749,35-50%,5-9 years,$30-50K,$100K+
LN-00451,BRW-0375,2024-12-19,Home Improvement,31600.0,12,11.64,2802.3,50.1,Paid Off,0,0,2024,12,Non-Default,False,57,GA,Master,Full-Time,5,112919,716,Own,2,1915,700-749,50-75%,5-9 years,$30-50K,$100K+
LN-00452,BRW-0376,2025-06-20,Moving,3700.0,48,15.07,103.11,55.4,Current,0,0,2025,6,Non-Default,False,43,CO,Bachelor,Part-Time,15,38602,585,Own,2,1679,520-599,50-75%,10+ years,$0-10K,$30-50K
LN-00453,BRW-0376,2024-06-23,Medical Expenses,33800.0,48,12.73,902.25,80.2,Default,58,1,2024,6,Default,False,43,CO,Bachelor,Part-Time,15,38602,585,Own,2,1679,520-599,75%+,10+ years,$30-50K,$30-50K
LN-00454,BRW-0377,2025-05-09,Business Loan,42800.0,12,9.37,3750.27,105.8,Paid Off,0,0,2025,5,Non-Default,True,26,TX,Bachelor,Full-Time,4,48244,725,Mortgage,3,504,700-749,75%+,2-4 years,$30-50K,$30-50K
LN-00455,BRW-0378,2024-02-06,Business Loan,46600.0,60,11.4,1022.52,38.0,Late,15,0,2024,2,Late,False,34,SC,Associate,Retired,2,42389,764,Mortgage,0,319,750+,35-50%,Retired,$30-50K,$30-50K
LN-00456,BRW-0379,2024-12-24,Debt Consolidation,17800.0,36,11.5,586.97,42.5,Current,0,0,2024,12,Non-Default,False,43,LA,Bachelor,Full-Time,14,81081,542,Mortgage,2,2284,520-599,35-50%,10+ years,$10-20K,$75-100K
LN-00457,BRW-0380,2025-05-14,Vacation,14100.0,24,7.99,637.64,45.4,Default,94,1,2025,5,Default,False,32,WA,Bachelor,Self-Employed,6,46217,844,Mortgage,1,1111,750+,35-50%,5-9 years,$10-20K,$30-50K
LN-00458,BRW-0381,2024-10-02,Major Purchase,11000.0,24,13.82,527.21,56.6,Default,142,1,2024,10,Default,False,22,IN,High School,Full-Time,1,35533,532,Rent,0,1150,520-599,50-75%,<2 years,$10-20K,$30-50K
LN-00459,BRW-0382,2024-07-22,Vacation,19000.0,48,8.21,465.72,17.6,Current,0,0,2024,7,Non-Default,False,62,IN,Master,Full-Time,8,129845,709,Own,2,1444,700-749,0-20%,5-9 years,$10-20K,$100K+
LN-00460,BRW-0383,2024-09-29,Education,9700.0,24,10.74,450.93,20.3,Current,0,0,2024,9,Non-Default,False,24,CT,Associate,Full-Time,4,63025,840,Mortgage,2,613,750+,20-35%,2-4 years,$0-10K,$50-75K
LN-00461,BRW-0384,2025-02-02,Medical Expenses,38700.0,48,9.99,981.35,27.2,Late,30,0,2025,2,Late,False,53,AL,Bachelor,Full-Time,1,101087,751,Own,4,1310,750+,20-35%,<2 years,$30-50K,$100K+
LN-00462,BRW-0385,2024-12-16,Education,38800.0,24,11.03,1808.92,70.1,Default,32,1,2024,12,Default,False,23,NC,Bachelor,Full-Time,3,63988,554,Rent,2,1927,520-599,50-75%,2-4 years,$30-50K,$50-75K
LN-00463,BRW-0386,2024-06-05,Auto Loan,6000.0,48,11.91,157.74,12.6,Current,0,0,2024,6,Non-Default,False,60,AZ,Doctorate,Self-Employed,3,134797,560,Rent,1,1255,520-599,0-20%,2-4 years,$0-10K,$100K+
LN-00464,BRW-0387,2024-04-15,Auto Loan,13900.0,48,6.83,331.76,35.7,Current,0,0,2024,4,Non-Default,False,38,MN,Bachelor,Full-Time,0,84953,850,Mortgage,0,2195,750+,35-50%,<2 years,$10-20K,$75-100K
LN-00465,BRW-0388,2024-02-09,Wedding,9100.0,12,10.78,803.34,54.5,Default,79,1,2024,2,Default,False,61,FL,Bachelor,Full-Time,32,93595,593,Rent,0,3450,520-599,50-75%,10+ years,$0-10K,$75-100K
LN-00466,BRW-0388,2025-01-24,Medical Expenses,31600.0,12,14.44,2843.82,80.7,Default,108,1,2025,1,Default,False,61,FL,Bachelor,Full-Time,32,93595,593,Rent,0,3450,520-599,75%+,10+ years,$30-50K,$75-100K
LN-00467,BRW-0389,2024-02-22,Business Loan,8800.0,12,9.35,771.0,36.2,Current,0,0,2024,2,Non-Default,False,53,AZ,High School,Full-Time,12,31657,792,Mortgage,0,183,750+,35-50%,10+ years,$0-10K,$30-50K
LN-00468,BRW-0390,2024-02-23,Major Purchase,45000.0,24,9.2,2059.95,72.5,Current,0,0,2024,2,Non-Default,False,53,NY,Master,Self-Employed,0,95840,660,Own,3,3734,650-699,50-75%,<2 years,$30-50K,$75-100K
LN-00469,BRW-0391,2024-11-07,Wedding,5800.0,48,12.35,153.73,57.8,Default,33,1,2024,11,Default,False,64,CO,Bachelor,Retired,6,54199,568,Rent,0,2458,520-599,50-75%,Retired,$0-10K,$50-75K
LN-00470,BRW-0392,2025-06-25,Medical Expenses,35100.0,36,14.46,1207.49,63.5,Current,0,0,2025,6,Non-Default,False,40,MN,Associate,Full-Time,9,66968,555,Mortgage,1,2339,520-599,50-75%,5-9 years,$30-50K,$50-75K
LN-00471,BRW-0393,2024-07-14,Home Improvement,8300.0,60,10.6,178.81,40.0,Default,144,1,2024,7,Default,False,28,CT,Master,Contract,2,55429,600,Mortgage,1,1667,600-649,35-50%,2-4 years,$0-10K,$50-75K
LN-00472,BRW-0394,2024-07-25,Home Improvement,26300.0,36,11.46,866.77,75.6,Current,0,0,2024,7,Non-Default,False,68,NC,High School,Contract,25,28837,730,Rent,3,949,700-749,75%+,10+ years,$20-30K,<$30K
LN-00473,BRW-0394,2025-01-09,Major Purchase,8500.0,60,12.71,192.14,47.5,Paid Off,0,0,2025,1,Non-Default,False,68,NC,High School,Contract,25,28837,730,Rent,3,949,700-749,35-50%,10+ years,$0-10K,<$30K
LN-00474,BRW-0395,2024-10-07,Major Purchase,47700.0,12,10.97,4215.14,122.0,Current,0,0,2024,10,Non-Default,True,52,TX,Master,Part-Time,8,67635,592,Rent,4,2661,520-599,75%+,5-9 years,$30-50K,$50-75K
LN-00475,BRW-0396,2024-03-17,Business Loan,21100.0,60,11.78,467.02,17.5,Current,0,0,2024,3,Non-Default,False,28,LA,Bachelor,Part-Time,2,50481,754,Mortgage,1,270,750+,0-20%,2-4 years,$20-30K,$50-75K
LN-00476,BRW-0397,2024-08-11,Major Purchase,11900.0,12,7.52,1032.52,17.6,Paid Off,0,0,2024,8,Non-Default,False,65,AZ,Master,Self-Employed,31,131113,797,Own,1,892,750+,0-20%,10+ years,$10-20K,$100K+
LN-00477,BRW-0398,2024-10-30,Moving,27200.0,36,10.43,883.17,48.4,Current,0,0,2024,10,Non-Default,False,63,MN,Associate,Self-Employed,14,60720,830,Rent,3,1566,750+,35-50%,10+ years,$20-30K,$50-75K
LN-00478,BRW-0399,2024-10-03,Business Loan,32700.0,36,13.44,1108.74,24.4,Paid Off,0,0,2024,10,Non-Default,False,66,MN,Master,Full-Time,30,111374,672,Mortgage,2,1153,650-699,20-35%,10+ years,$30-50K,$100K+
LN-00479,BRW-0400,2025-01-12,Business Loan,2000.0,36,13.08,67.46,15.9,Late,15,0,2025,1,Late,False,57,OK,Master,Part-Time,32,30579,605,Rent,1,338,600-649,0-20%,10+ years,$0-10K,$30-50K
LN-00480,BRW-0400,2024-02-28,Auto Loan,15700.0,60,11.39,344.42,26.8,Current,0,0,2024,2,Non-Default,False,57,OK,Master,Part-Time,32,30579,605,Rent,1,338,600-649,20-35%,10+ years,$10-20K,$30-50K
LN-00481,BRW-0401,2024-04-18,Auto Loan,21100.0,60,10.14,449.77,29.5,Paid Off,0,0,2024,4,Non-Default,False,53,WA,Associate,Full-Time,14,42250,789,Mortgage,1,589,750+,20-35%,10+ years,$20-30K,$30-50K
LN-00482,BRW-0402,2024-07-27,Wedding,20300.0,24,8.62,923.86,49.5,Paid Off,0,0,2024,7,Non-Default,False,51,TN,Bachelor,Part-Time,28,25418,780,Mortgage,2,124,750+,35-50%,10+ years,$20-30K,<$30K
LN-00483,BRW-0403,2024-04-05,Business Loan,12500.0,24,14.99,606.02,82.0,Default,147,1,2024,4,Default,False,47,WI,Bachelor,Part-Time,25,22335,571,Mortgage,2,921,520-599,75%+,10+ years,$10-20K,<$30K
LN-00484,BRW-0404,2024-01-22,Medical Expenses,20000.0,24,11.22,934.2,48.3,Late,15,0,2024,1,Late,False,57,OK,Associate,Self-Employed,3,73306,721,Rent,1,2016,700-749,35-50%,2-4 years,$10-20K,$50-75K
LN-00485,BRW-0405,2025-02-16,Business Loan,3600.0,24,9.51,165.31,25.2,Paid Off,0,0,2025,2,Non-Default,False,61,MN,Bachelor,Self-Employed,7,63778,766,Own,0,1172,750+,20-35%,5-9 years,$0-10K,$50-75K
LN-00486,BRW-0406,2024-02-14,Wedding,20400.0,12,14.07,1832.33,59.0,Default,51,1,2024,2,Default,False,62,TN,Doctorate,Full-Time,2,121047,604,Rent,0,4119,600-649,50-75%,2-4 years,$20-30K,$100K+
LN-00487,BRW-0406,2024-01-10,Auto Loan,32100.0,12,13.9,2880.66,69.4,Paid Off,0,0,2024,1,Non-Default,False,62,TN,Doctorate,Full-Time,2,121047,604,Rent,0,4119,600-649,50-75%,2-4 years,$30-50K,$100K+
LN-00488,BRW-0407,2024-06-16,Home Improvement,14900.0,60,14.61,351.43,48.8,Default,152,1,2024,6,Default,False,68,OR,Bachelor,Full-Time,25,53099,591,Own,2,1807,520-599,35-50%,10+ years,$10-20K,$50-75K
LN-00489,BRW-0408,2024-02-15,Debt Consolidation,14800.0,60,6.52,289.72,37.6,Default,105,1,2024,2,Default,False,28,MA,Master,Full-Time,1,108932,846,Rent,1,3128,750+,35-50%,<2 years,$10-20K,$100K+
LN-00490,BRW-0409,2025-01-29,Major Purchase,17800.0,12,11.9,1580.68,90.2,Default,103,1,2025,1,Default,False,54,TN,High School,Full-Time,27,41068,554,Rent,3,1507,520-599,75%+,10+ years,$10-20K,$30-50K
LN-00491,BRW-0410,2024-04-22,Major Purchase,36300.0,12,12.58,3235.07,72.1,Default,102,1,2024,4,Default,False,33,WI,Bachelor,Full-Time,6,92612,593,Rent,3,2331,520-599,50-75%,5-9 years,$30-50K,$75-100K
LN-00492,BRW-0411,2024-06-03,Wedding,13100.0,12,13.53,1173.32,57.8,Default,165,1,2024,6,Default,False,46,NJ,Bachelor,Part-Time,8,46630,657,Mortgage,4,1074,650-699,50-75%,5-9 years,$10-20K,$30-50K
LN-00493,BRW-0412,2024-10-20,Medical Expenses,6600.0,36,10.01,212.99,49.3,Paid Off,0,0,2024,10,Non-Default,False,30,MO,High School,Part-Time,4,29481,787,Rent,3,997,750+,35-50%,2-4 years,$0-10K,<$30K
LN-00494,BRW-0413,2024-06-01,Auto Loan,36100.0,12,12.48,3215.55,85.5,Current,0,0,2024,6,Non-Default,False,57,IL,Bachelor,Full-Time,22,80421,688,Rent,4,2513,650-699,75%+,10+ years,$30-50K,$75-100K
LN-00495,BRW-0414,2024-10-12,Vacation,7400.0,48,14.9,205.57,56.2,Default,112,1,2024,10,Default,False,33,TN,Bachelor,Self-Employed,12,61167,594,Mortgage,2,2657,520-599,50-75%,10+ years,$0-10K,$50-75K
LN-00496,BRW-0415,2025-02-27,Medical Expenses,18900.0,48,10.69,485.64,30.2,Current,0,0,2025,2,Non-Default,False,67,IN,Bachelor,Self-Employed,27,94280,686,Rent,0,1889,650-699,20-35%,10+ years,$10-20K,$75-100K
LN-00497,BRW-0415,2025-06-29,Business Loan,28400.0,60,11.24,620.89,31.9,Current,0,0,2025,6,Non-Default,False,67,IN,Bachelor,Self-Employed,27,94280,686,Rent,0,1889,650-699,20-35%,10+ years,$20-30K,$75-100K
LN-00498,BRW-0416,2024-08-28,Moving,35300.0,24,13.15,1680.71,62.3,Paid Off,0,0,2024,8,Non-Default,False,25,IL,Bachelor,Full-Time,2,88461,622,Rent,3,2914,600-649,50-75%,2-4 years,$30-50K,$75-100K
LN-00499,BRW-0417,2025-01-04,Vacation,46200.0,12,11.87,4102.0,155.3,Late,15,0,2025,1,Late,True,40,MN,Associate,Full-Time,3,45971,761,Mortgage,2,1848,750+,75%+,2-4 years,$30-50K,$30-50K
LN-00500,BRW-0418,2024-08-17,Medical Expenses,28500.0,48,9.76,719.55,53.9,Default,65,1,2024,8,Default,False,63,WA,Bachelor,Full-Time,3,90638,687,Rent,1,3354,650-699,50-75%,2-4 years,$20-30K,$75-100K
LN-00501,BRW-0419,2024-04-18,Medical Expenses,2300.0,48,11.06,59.51,31.5,Paid Off,0,0,2024,4,Non-Default,False,65,LA,Associate,Part-Time,12,16498,648,Mortgage,3,373,600-649,20-35%,10+ years,$0-10K,<$30K
LN-00502,BRW-0420,2025-03-02,Debt Consolidation,8800.0,24,6.29,391.17,18.1,Paid Off,0,0,2025,3,Non-Default,False,36,OH,Master,Self-Employed,6,110166,846,Rent,0,1273,750+,0-20%,5-9 years,$0-10K,$100K+
LN-00503,BRW-0420,2025-03-30,Moving,16400.0,48,9.51,412.1,18.4,Current,0,0,2025,3,Non-Default,False,36,OH,Master,Self-Employed,6,110166,846,Rent,0,1273,750+,0-20%,5-9 years,$10-20K,$100K+
LN-00504,BRW-0421,2025-03-09,Debt Consolidation,6800.0,24,10.29,314.7,24.5,Late,15,0,2025,3,Late,False,65,NC,High School,Retired,24,28964,586,Own,2,277,520-599,20-35%,Retired,$0-10K,<$30K
LN-00505,BRW-0422,2024-10-05,Wedding,36000.0,48,14.34,989.9,56.2,Paid Off,0,0,2024,10,Non-Default,False,59,NJ,Master,Full-Time,2,94611,619,Own,2,3444,600-649,50-75%,2-4 years,$30-50K,$75-100K
LN-00506,BRW-0422,2024-07-07,Medical Expenses,21200.0,12,10.78,1871.52,67.4,Late,30,0,2024,7,Late,False,59,NJ,Master,Full-Time,2,94611,619,Own,2,3444,600-649,50-75%,2-4 years,$20-30K,$75-100K
LN-00507,BRW-0423,2024-06-17,Vacation,33300.0,48,10.34,850.02,45.4,Default,125,1,2024,6,Default,False,62,KY,Bachelor,Self-Employed,35,71897,828,Mortgage,2,1873,750+,35-50%,10+ years,$30-50K,$50-75K
LN-00508,BRW-0424,2024-12-09,Business Loan,5100.0,36,9.55,163.49,19.5,Default,102,1,2024,12,Default,False,33,VA,Bachelor,Self-Employed,8,50767,808,Mortgage,0,662,750+,0-20%,5-9 years,$0-10K,$50-75K
LN-00509,BRW-0425,2024-07-25,Home Improvement,17400.0,36,6.77,535.43,62.8,Current,0,0,2024,7,Non-Default,False,43,MO,Associate,Full-Time,16,73304,850,Mortgage,3,3302,750+,50-75%,10+ years,$10-20K,$50-75K
LN-00510,BRW-0426,2024-11-18,Wedding,10800.0,48,6.06,253.94,49.0,Default,109,1,2024,11,Default,False,22,GA,High School,Full-Time,2,30860,850,Rent,4,1006,750+,35-50%,2-4 years,$10-20K,$30-50K
LN-00511,BRW-0426,2024-11-18,Debt Consolidation,34800.0,48,8.33,854.97,72.4,Paid Off,0,0,2024,11,Non-Default,False,22,GA,High School,Full-Time,2,30860,850,Rent,4,1006,750+,50-75%,2-4 years,$30-50K,$30-50K
LN-00512,BRW-0427,2024-06-02,Home Improvement,30100.0,60,9.49,632.01,61.9,Default,127,1,2024,6,Default,False,42,CA,Bachelor,Self-Employed,17,47833,661,Rent,3,1837,650-699,50-75%,10+ years,$30-50K,$30-50K
LN-00513,BRW-0428,2024-04-05,Debt Consolidation,8700.0,48,8.96,216.33,13.4,Current,0,0,2024,4,Non-Default,False,45,IN,Bachelor,Full-Time,20,71658,686,Own,0,585,650-699,0-20%,10+ years,$0-10K,$50-75K
LN-00514,BRW-0429,2025-06-19,Medical Expenses,7500.0,60,8.46,153.73,21.5,Paid Off,0,0,2025,6,Non-Default,False,56,AZ,Bachelor,Part-Time,13,29725,847,Rent,3,378,750+,20-35%,10+ years,$0-10K,<$30K
LN-00515,BRW-0430,2025-01-31,Education,47100.0,12,14.85,4247.83,64.8,Default,49,1,2025,1,Default,False,66,SC,Master,Self-Employed,9,91943,576,Own,1,718,520-599,50-75%,5-9 years,$30-50K,$75-100K
LN-00516,BRW-0431,2024-11-12,Wedding,14000.0,12,10.03,1231.02,86.0,Late,30,0,2024,11,Late,False,25,MA,High School,Full-Time,2,24879,641,Mortgage,2,552,600-649,75%+,2-4 years,$10-20K,<$30K
LN-00517,BRW-0431,2024-06-14,Home Improvement,11300.0,24,13.99,542.49,52.8,Default,177,1,2024,6,Default,False,25,MA,High School,Full-Time,2,24879,641,Mortgage,2,552,600-649,50-75%,2-4 years,$10-20K,<$30K
LN-00518,BRW-0432,2025-04-29,Home Improvement,11800.0,48,7.19,283.61,55.7,Current,0,0,2025,4,Non-Default,False,23,MD,Bachelor,Full-Time,0,40976,846,Rent,0,1618,750+,50-75%,<2 years,$10-20K,$30-50K
LN-00519,BRW-0433,2025-02-14,Home Improvement,25400.0,36,12.56,850.45,32.4,Late,0,0,2025,2,Late,False,44,LA,Master,Full-Time,19,122115,704,Own,3,2449,700-749,20-35%,10+ years,$20-30K,$100K+
LN-00520,BRW-0433,2025-02-27,Vacation,42600.0,36,10.14,1377.38,37.6,Paid Off,0,0,2025,2,Non-Default,False,44,LA,Master,Full-Time,19,122115,704,Own,3,2449,700-749,35-50%,10+ years,$30-50K,$100K+
LN-00521,BRW-0434,2024-01-09,Wedding,4400.0,24,11.42,205.93,47.1,Current,0,0,2024,1,Non-Default,False,64,CO,High School,Full-Time,34,30139,725,Mortgage,0,976,700-749,35-50%,10+ years,$0-10K,$30-50K
LN-00522,BRW-0435,2025-04-24,Home Improvement,12600.0,12,8.26,1097.57,77.8,Late,15,0,2025,4,Late,False,68,CA,Bachelor,Retired,9,24786,809,Own,2,510,750+,75%+,Retired,$10-20K,<$30K
LN-00523,BRW-0436,2024-12-02,Home Improvement,46300.0,48,8.98,1151.74,23.8,Late,0,0,2024,12,Late,False,57,CO,Master,Full-Time,13,118803,721,Mortgage,3,1200,700-749,20-35%,10+ years,$30-50K,$100K+
LN-00524,BRW-0437,2025-04-26,Vacation,8700.0,60,10.5,187.0,48.4,Default,84,1,2025,4,Default,False,33,OK,Associate,Contract,10,38377,617,Rent,0,1360,600-649,35-50%,10+ years,$0-10K,$30-50K
LN-00525,BRW-0438,2025-01-05,Debt Consolidation,39200.0,12,15.28,3543.31,124.5,Late,30,0,2025,1,Late,True,57,AL,Bachelor,Full-Time,16,59143,564,Own,2,2591,520-599,75%+,10+ years,$30-50K,$50-75K
LN-00526,BRW-0439,2024-06-29,Debt Consolidation,26200.0,36,7.23,811.74,59.0,Default,47,1,2024,6,Default,False,44,NJ,High School,Self-Employed,2,25921,842,Rent,1,462,750+,50-75%,2-4 years,$20-30K,<$30K
LN-00527,BRW-0440,2024-09-22,Home Improvement,14900.0,48,10.77,383.44,32.4,Paid Off,0,0,2024,9,Non-Default,False,64,PA,Associate,Part-Time,20,30540,711,Rent,0,440,700-749,20-35%,10+ years,$10-20K,$30-50K
LN-00528,BRW-0441,2024-06-13,Auto Loan,8800.0,48,10.51,225.35,34.4,Paid Off,0,0,2024,6,Non-Default,False,36,NJ,Master,Part-Time,4,43086,714,Rent,3,1010,700-749,20-35%,2-4 years,$0-10K,$30-50K
LN-00529,BRW-0442,2024-05-28,Debt Consolidation,44900.0,24,6.22,1994.45,49.4,Late,30,0,2024,5,Late,False,44,NC,Master,Full-Time,19,63937,850,Own,3,639,750+,35-50%,10+ years,$30-50K,$50-75K
LN-00530,BRW-0443,2024-11-20,Education,12800.0,24,13.03,608.72,50.5,Default,134,1,2024,11,Default,False,56,CO,High School,Self-Employed,1,44456,568,Rent,0,1263,520-599,50-75%,<2 years,$10-20K,$30-50K
LN-00531,BRW-0444,2024-04-09,Debt Consolidation,47300.0,24,12.12,2229.23,90.1,Default,78,1,2024,4,Default,False,47,MO,Master,Full-Time,17,57745,663,Rent,1,2105,650-699,75%+,10+ years,$30-50K,$50-75K
LN-00532,BRW-0445,2024-07-14,Moving,30800.0,24,10.36,1426.39,45.1,Current,0,0,2024,7,Non-Default,False,45,IN,Bachelor,Contract,4,78216,683,Mortgage,0,1511,650-699,35-50%,2-4 years,$30-50K,$75-100K
LN-00533,BRW-0446,2025-04-11,Debt Consolidation,16700.0,12,9.33,1463.0,32.0,Paid Off,0,0,2025,4,Non-Default,False,22,IN,Bachelor,Contract,2,92057,850,Own,0,994,750+,20-35%,2-4 years,$10-20K,$75-100K
LN-00534,BRW-0446,2025-04-14,Major Purchase,38700.0,12,10.47,3410.81,57.4,Current,0,0,2025,4,Non-Default,False,22,IN,Bachelor,Contract,2,92057,850,Own,0,994,750+,50-75%,2-4 years,$30-50K,$75-100K
LN-00535,BRW-0447,2024-04-11,Major Purchase,33700.0,48,9.89,852.94,15.6,Current,0,0,2024,4,Non-Default,False,58,LA,Master,Self-Employed,22,137631,797,Own,1,933,750+,0-20%,10+ years,$30-50K,$100K+
LN-00536,BRW-0448,2024-04-12,Wedding,7000.0,60,12.74,158.34,10.5,Paid Off,0,0,2024,4,Non-Default,False,45,MA,Associate,Self-Employed,12,53326,714,Mortgage,3,310,700-749,0-20%,10+ years,$0-10K,$50-75K
LN-00537,BRW-0449,2024-07-19,Major Purchase,23500.0,60,10.74,507.91,49.1,Late,30,0,2024,7,Late,False,63,MD,Associate,Self-Employed,16,53487,670,Mortgage,0,1679,650-699,35-50%,10+ years,$20-30K,$50-75K
LN-00538,BRW-0450,2025-01-18,Vacation,30100.0,48,9.07,750.04,42.4,Current,0,0,2025,1,Non-Default,False,45,GA,Bachelor,Contract,12,45566,658,Rent,1,859,650-699,35-50%,10+ years,$30-50K,$30-50K
LN-00539,BRW-0451,2024-01-05,Auto Loan,40200.0,48,10.18,1023.05,52.7,Current,0,0,2024,1,Non-Default,False,44,GA,Bachelor,Full-Time,4,79148,791,Mortgage,0,2451,750+,50-75%,2-4 years,$30-50K,$75-100K
LN-00540,BRW-0452,2024-06-23,Education,26900.0,60,11.75,594.98,45.4,Late,30,0,2024,6,Late,False,35,NJ,High School,Full-Time,7,43591,590,Mortgage,2,1056,520-599,35-50%,5-9 years,$20-30K,$30-50K
LN-00541,BRW-0453,2025-03-15,Business Loan,19600.0,12,11.67,1738.41,59.4,Default,129,1,2025,3,Default,False,52,IL,Bachelor,Part-Time,1,45042,740,Own,2,490,700-749,50-75%,<2 years,$10-20K,$30-50K
LN-00542,BRW-0453,2024-04-11,Medical Expenses,12600.0,24,9.85,580.55,28.5,Current,0,0,2024,4,Non-Default,False,52,IL,Bachelor,Part-Time,1,45042,740,Own,2,490,700-749,20-35%,<2 years,$10-20K,$30-50K
LN-00543,BRW-0454,2024-06-11,Major Purchase,32100.0,36,13.94,1096.17,61.3,Current,0,0,2024,6,Non-Default,False,62,IN,Bachelor,Contract,16,49969,615,Rent,4,1456,600-649,50-75%,10+ years,$30-50K,$30-50K
LN-00544,BRW-0455,2024-03-21,Wedding,26800.0,60,13.19,612.39,56.8,Paid Off,0,0,2024,3,Non-Default,False,58,WI,Bachelor,Contract,5,87044,685,Own,4,3508,650-699,50-75%,5-9 years,$20-30K,$75-100K
LN-00545,BRW-0456,2024-09-08,Education,13000.0,24,7.77,586.59,32.9,Current,0,0,2024,9,Non-Default,False,32,MN,Associate,Full-Time,12,35993,823,Own,1,401,750+,20-35%,10+ years,$10-20K,$30-50K
LN-00546,BRW-0456,2024-04-15,Auto Loan,12200.0,24,9.42,559.71,32.0,Late,15,0,2024,4,Late,False,32,MN,Associate,Full-Time,12,35993,823,Own,1,401,750+,20-35%,10+ years,$10-20K,$30-50K
LN-00547,BRW-0457,2024-07-31,Auto Loan,6500.0,48,13.44,175.8,34.8,Current,0,0,2024,7,Non-Default,False,65,FL,Associate,Full-Time,24,56685,647,Mortgage,0,1470,600-649,20-35%,10+ years,$0-10K,$50-75K
LN-00548,BRW-0458,2025-04-06,Home Improvement,19500.0,36,12.75,654.69,54.1,Current,0,0,2025,4,Non-Default,False,54,WI,Bachelor,Contract,30,79231,625,Rent,0,2917,600-649,50-75%,10+ years,$10-20K,$75-100K
LN-00549,BRW-0459,2024-12-21,Wedding,43000.0,12,10.71,3794.6,79.9,Current,0,0,2024,12,Non-Default,False,54,CT,Master,Full-Time,34,111175,850,Rent,3,3606,750+,75%+,10+ years,$30-50K,$100K+
LN-00550,BRW-0460,2025-06-14,Auto Loan,11300.0,12,9.33,989.93,70.8,Paid Off,0,0,2025,6,Non-Default,False,49,KY,Bachelor,Full-Time,13,43371,801,Own,1,1569,750+,50-75%,10+ years,$10-20K,$30-50K
LN-00551,BRW-0461,2024-05-09,Business Loan,5900.0,12,9.74,517.99,23.6,Paid Off,0,0,2024,5,Non-Default,False,44,NC,Bachelor,Self-Employed,3,89186,834,Mortgage,1,1235,750+,20-35%,2-4 years,$0-10K,$75-100K
LN-00552,BRW-0462,2025-02-13,Moving,24400.0,48,11.75,639.55,47.0,Current,0,0,2025,2,Non-Default,False,27,KY,Associate,Contract,0,48279,626,Rent,0,1252,600-649,35-50%,<2 years,$20-30K,$30-50K
LN-00553,BRW-0463,2024-07-29,Auto Loan,6900.0,60,10.04,146.74,38.0,Paid Off,0,0,2024,7,Non-Default,False,55,IL,High School,Self-Employed,26,46609,691,Mortgage,1,1331,650-699,35-50%,10+ years,$0-10K,$30-50K
LN-00554,BRW-0463,2025-01-27,Major Purchase,14300.0,36,11.6,472.24,46.4,Current,0,0,2025,1,Non-Default,False,55,IL,High School,Self-Employed,26,46609,691,Mortgage,1,1331,650-699,35-50%,10+ years,$10-20K,$30-50K
LN-00555,BRW-0464,2025-02-23,Home Improvement,44700.0,60,9.92,947.98,46.1,Late,0,0,2025,2,Late,False,38,AZ,Master,Full-Time,12,85972,681,Rent,2,2355,650-699,35-50%,10+ years,$30-50K,$75-100K
LN-00556,BRW-0465,2024-07-09,Education,4600.0,36,10.78,150.12,17.6,Late,0,0,2024,7,Late,False,33,SC,Bachelor,Part-Time,9,31235,682,Mortgage,1,309,650-699,0-20%,5-9 years,$0-10K,$30-50K
LN-00557,BRW-0465,2024-01-12,Education,6000.0,12,10.23,528.14,32.2,Current,0,0,2024,1,Non-Default,False,33,SC,Bachelor,Part-Time,9,31235,682,Mortgage,1,309,650-699,20-35%,5-9 years,$0-10K,$30-50K
LN-00558,BRW-0466,2024-08-10,Business Loan,20000.0,60,10.86,433.45,55.4,Default,101,1,2024,8,Default,False,64,WA,High School,Full-Time,6,49965,612,Own,2,1875,600-649,50-75%,5-9 years,$10-20K,$30-50K
LN-00559,BRW-0467,2024-11-23,Home Improvement,33000.0,48,7.42,796.67,70.1,Default,42,1,2024,11,Default,False,61,OR,Bachelor,Self-Employed,0,50855,850,Rent,0,2173,750+,50-75%,<2 years,$30-50K,$50-75K
LN-00560,BRW-0468,2024-06-24,Vacation,4900.0,12,6.69,423.28,50.0,Current,0,0,2024,6,Non-Default,False,49,UT,High School,Full-Time,1,35453,836,Rent,4,1054,750+,35-50%,<2 years,$0-10K,$30-50K
LN-00561,BRW-0468,2025-04-17,Debt Consolidation,15400.0,60,11.01,334.91,47.0,Current,0,0,2025,4,Non-Default,False,49,UT,High School,Full-Time,1,35453,836,Rent,4,1054,750+,35-50%,<2 years,$10-20K,$30-50K
LN-00562,BRW-0469,2025-03-01,Moving,5000.0,12,12.2,444.71,79.2,Paid Off,0,0,2025,3,Non-Default,False,55,OH,Associate,Retired,31,19232,609,Mortgage,3,825,600-649,75%+,Retired,$0-10K,<$30K
LN-00563,BRW-0469,2025-02-06,Major Purchase,6300.0,48,12.91,168.73,62.0,Default,146,1,2025,2,Default,False,55,OH,Associate,Retired,31,19232,609,Mortgage,3,825,600-649,50-75%,Retired,$0-10K,<$30K
LN-00564,BRW-0470,2024-02-18,Home Improvement,47000.0,12,6.91,4064.81,102.4,Paid Off,0,0,2024,2,Non-Default,True,55,MN,Associate,Full-Time,14,57097,794,Mortgage,0,807,750+,75%+,10+ years,$30-50K,$50-75K
LN-00565,BRW-0471,2024-01-06,Major Purchase,6200.0,36,11.68,204.98,33.5,Late,15,0,2024,1,Late,False,22,WA,Doctorate,Full-Time,1,95335,744,Rent,2,2453,700-749,20-35%,<2 years,$0-10K,$75-100K
LN-00566,BRW-0471,2025-01-23,Debt Consolidation,39200.0,12,8.92,3426.64,74.0,Default,73,1,2025,1,Default,False,22,WA,Doctorate,Full-Time,1,95335,744,Rent,2,2453,700-749,50-75%,<2 years,$30-50K,$75-100K
LN-00567,BRW-0472,2025-02-27,Wedding,5200.0,24,10.25,240.55,44.2,Current,0,0,2025,2,Non-Default,False,67,OR,High School,Full-Time,22,32414,811,Mortgage,0,954,750+,35-50%,10+ years,$0-10K,$30-50K
LN-00568,BRW-0472,2025-05-09,Business Loan,22000.0,36,8.09,690.31,60.9,Current,0,0,2025,5,Non-Default,False,67,OR,High School,Full-Time,22,32414,811,Mortgage,0,954,750+,50-75%,10+ years,$20-30K,$30-50K
LN-00569,BRW-0473,2024-03-17,Moving,13600.0,24,13.16,647.59,38.7,Current,0,0,2024,3,Non-Default,False,34,MO,Bachelor,Full-Time,6,40896,619,Mortgage,0,671,600-649,35-50%,5-9 years,$10-20K,$30-50K
LN-00570,BRW-0474,2025-06-24,Major Purchase,6100.0,24,10.25,282.19,47.8,Paid Off,0,0,2025,6,Non-Default,False,29,WA,Master,Retired,4,77862,829,Rent,2,2822,750+,35-50%,Retired,$0-10K,$75-100K
LN-00571,BRW-0475,2025-01-07,Medical Expenses,7100.0,24,7.01,317.92,40.0,Late,0,0,2025,1,Late,False,43,NC,Doctorate,Full-Time,0,114645,845,Mortgage,0,3504,750+,35-50%,<2 years,$0-10K,$100K+
LN-00572,BRW-0476,2024-04-14,Major Purchase,10300.0,24,11.51,482.5,26.9,Late,15,0,2024,4,Late,False,36,SC,Bachelor,Full-Time,16,60743,715,Mortgage,3,881,700-749,20-35%,10+ years,$10-20K,$50-75K
LN-00573,BRW-0477,2024-09-28,Vacation,2900.0,60,8.63,59.68,34.8,Current,0,0,2024,9,Non-Default,False,27,VA,Bachelor,Self-Employed,2,62419,818,Mortgage,0,1752,750+,20-35%,2-4 years,$0-10K,$50-75K
LN-00574,BRW-0478,2025-01-13,Major Purchase,26400.0,12,8.79,2306.15,39.1,Paid Off,0,0,2025,1,Non-Default,False,33,AL,Master,Self-Employed,11,132671,805,Own,0,2019,750+,35-50%,10+ years,$20-30K,$100K+
LN-00575,BRW-0479,2025-05-20,Auto Loan,7000.0,36,12.5,234.18,43.0,Current,0,0,2025,5,Non-Default,False,36,NY,Associate,Full-Time,3,57979,609,Own,2,1844,600-649,35-50%,2-4 years,$0-10K,$50-75K
LN-00576,BRW-0480,2024-09-01,Home Improvement,3600.0,12,9.94,316.4,55.8,Default,55,1,2024,9,Default,False,61,TN,High School,Contract,23,56121,776,Mortgage,3,2293,750+,50-75%,10+ years,$0-10K,$50-75K
LN-00577,BRW-0481,2024-10-01,Wedding,21400.0,48,6.99,512.35,12.1,Current,0,0,2024,10,Non-Default,False,58,LA,Master,Full-Time,17,139061,811,Mortgage,2,893,750+,0-20%,10+ years,$20-30K,$100K+
LN-00578,BRW-0482,2025-05-03,Wedding,2100.0,24,10.25,97.15,12.6,Late,15,0,2025,5,Late,False,49,PA,Bachelor,Full-Time,27,72657,736,Rent,1,667,700-749,0-20%,10+ years,$0-10K,$50-75K
LN-00579,BRW-0483,2024-01-14,Home Improvement,8200.0,48,10.09,208.33,54.1,Current,0,0,2024,1,Non-Default,False,55,NJ,Bachelor,Self-Employed,24,41354,637,Mortgage,1,1657,600-649,50-75%,10+ years,$0-10K,$30-50K
LN-00580,BRW-0484,2025-04-30,Home Improvement,27600.0,12,8.84,2411.61,66.9,Current,0,0,2025,4,Non-Default,False,33,TN,Bachelor,Full-Time,5,70671,848,Mortgage,1,1528,750+,50-75%,5-9 years,$20-30K,$50-75K
LN-00581,BRW-0484,2025-06-21,Home Improvement,2400.0,36,10.04,77.49,27.3,Paid Off,0,0,2025,6,Non-Default,False,33,TN,Bachelor,Full-Time,5,70671,848,Mortgage,1,1528,750+,20-35%,5-9 years,$0-10K,$50-75K
LN-00582,BRW-0485,2025-05-13,Education,37300.0,60,7.5,747.42,22.9,Paid Off,0,0,2025,5,Non-Default,False,45,MN,Bachelor,Full-Time,4,69356,827,Rent,0,577,750+,20-35%,2-4 years,$30-50K,$50-75K
LN-00583,BRW-0486,2024-10-03,Education,39200.0,60,11.84,868.82,60.1,Current,0,0,2024,10,Non-Default,False,39,AL,Master,Part-Time,4,70439,635,Rent,0,2658,600-649,50-75%,2-4 years,$30-50K,$50-75K
LN-00584,BRW-0487,2025-03-17,Business Loan,8800.0,48,5.99,206.63,22.5,Current,0,0,2025,3,Non-Default,False,33,NJ,Bachelor,Full-Time,8,97590,850,Mortgage,2,1626,750+,20-35%,5-9 years,$0-10K,$75-100K
LN-00585,BRW-0487,2025-04-05,Major Purchase,48300.0,60,10.33,1034.09,32.7,Late,15,0,2025,4,Late,False,33,NJ,Bachelor,Full-Time,8,97590,850,Mortgage,2,1626,750+,20-35%,5-9 years,$30-50K,$75-100K
LN-00586,BRW-0488,2024-10-09,Education,20800.0,48,14.43,572.89,47.4,Current,0,0,2024,10,Non-Default,False,57,NC,Master,Full-Time,3,63092,618,Own,1,1918,600-649,35-50%,2-4 years,$20-30K,$50-75K
LN-00587,BRW-0488,2024-12-21,Education,7900.0,48,12.53,210.1,40.5,Late,30,0,2024,12,Late,False,57,NC,Master,Full-Time,3,63092,618,Own,1,1918,600-649,35-50%,2-4 years,$0-10K,$50-75K
LN-00588,BRW-0489,2024-06-15,Vacation,27100.0,36,9.37,866.45,23.2,Paid Off,0,0,2024,6,Non-Default,False,50,VA,Master,Full-Time,29,85514,825,Rent,0,788,750+,20-35%,10+ years,$20-30K,$75-100K
LN-00589,BRW-0490,2024-11-09,Debt Consolidation,41600.0,12,6.52,3590.31,72.7,Default,120,1,2024,11,Default,False,65,MI,Doctorate,Full-Time,11,126680,825,Rent,1,4081,750+,50-75%,10+ years,$30-50K,$100K+
LN-00590,BRW-0491,2025-05-29,Debt Consolidation,4800.0,36,9.78,154.39,40.0,Current,0,0,2025,5,Non-Default,False,53,IL,Master,Full-Time,18,61327,849,Mortgage,3,1892,750+,35-50%,10+ years,$0-10K,$50-75K
LN-00591,BRW-0492,2024-03-23,Auto Loan,13200.0,48,13.58,357.93,49.4,Default,38,1,2024,3,Default,False,43,GA,Bachelor,Part-Time,2,36533,561,Own,1,1146,520-599,35-50%,2-4 years,$10-20K,$30-50K
LN-00592,BRW-0493,2024-04-10,Education,10000.0,48,9.58,251.61,38.7,Late,15,0,2024,4,Late,False,67,IN,Associate,Part-Time,23,23062,752,Rent,4,493,750+,35-50%,10+ years,$0-10K,<$30K
LN-00593,BRW-0494,2024-07-23,Major Purchase,17500.0,60,9.65,368.82,30.8,Current,0,0,2024,7,Non-Default,False,33,NY,Master,Full-Time,11,74731,663,Rent,0,1547,650-699,20-35%,10+ years,$10-20K,$50-75K
LN-00594,BRW-0495,2025-03-23,Auto Loan,26400.0,60,11.87,585.52,52.7,Default,164,1,2025,3,Default,False,28,NY,High School,Contract,6,41704,543,Mortgage,0,1247,520-599,50-75%,5-9 years,$20-30K,$30-50K
LN-00595,BRW-0496,2025-03-13,Education,34900.0,36,11.33,1148.04,69.7,Late,30,0,2025,3,Late,False,27,IL,Bachelor,Contract,4,60337,661,Mortgage,0,2359,650-699,50-75%,2-4 years,$30-50K,$50-75K
LN-00596,BRW-0497,2024-11-05,Debt Consolidation,22200.0,24,10.19,1026.37,55.0,Current,0,0,2024,11,Non-Default,False,23,MO,High School,Full-Time,3,54617,773,Rent,3,1475,750+,50-75%,2-4 years,$20-30K,$50-75K
LN-00597,BRW-0497,2025-02-06,Wedding,29100.0,36,7.38,903.59,52.3,Default,31,1,2025,2,Default,False,23,MO,High School,Full-Time,3,54617,773,Rent,3,1475,750+,50-75%,2-4 years,$20-30K,$50-75K
LN-00598,BRW-0498,2024-04-19,Moving,4600.0,12,7.27,398.6,32.4,Current,0,0,2024,4,Non-Default,False,30,CO,Doctorate,Self-Employed,7,85000,845,Mortgage,3,1894,750+,20-35%,5-9 years,$0-10K,$75-100K
LN-00599,BRW-0499,2024-02-24,Education,7800.0,60,9.86,165.19,28.8,Current,0,0,2024,2,Non-Default,False,62,MA,Bachelor,Full-Time,14,62749,811,Rent,1,1339,750+,20-35%,10+ years,$0-10K,$50-75K
LN-00600,BRW-0500,2024-11-14,Medical Expenses,26400.0,24,11.44,1235.85,73.2,Late,15,0,2024,11,Late,False,31,MO,Associate,Full-Time,5,67070,604,Mortgage,0,2856,600-649,50-75%,5-9 years,$20-30K,$50-75K
LN-00601,BRW-0500,2024-05-03,Wedding,7500.0,12,10.7,661.81,62.9,Current,0,0,2024,5,Non-Default,False,31,MO,Associate,Full-Time,5,67070,604,Mortgage,0,2856,600-649,50-75%,5-9 years,$0-10K,$50-75K
